"Feature","mz","RT_min","Log2FC","Fold_Change","p_BH","VIP_Score"
"M209.1854T2459.65",209.1854,40.99,4.173,18.04,1.906e-12,1.126
"M210.1887T2459.57",210.1887,40.99,2.572,5.94,2.127e-11,1.126
"M688.4819T2453.61",688.4819,40.89,5.806,55.96,9.478e-11,1.126
"M689.4844T2453.93",689.4844,40.9,5.947,61.68,9.891e-10,1.126
"M244.2218T2458.95",244.2218,40.98,4.669,25.44,1.389e-08,1.126
"M605.5372T2577.56",605.5372,42.96,3.212,9.27,2.708e-08,1.126
"M1449.0594T2560.52",1449.0594,42.68,12.727,6780.91,6.003e-09,1.125
"M226.2119T2458.34",226.2119,40.97,2.322,5,7.557e-08,1.125
"M578.4196T2801.03",578.4196,46.68,8.412,340.59,1.385e-07,1.125
"M371.2206T2802.03",371.2206,46.7,9.122,557.13,1.396e-07,1.125
"M714.4957T2483.19",714.4957,41.39,3.523,11.5,3.043e-07,1.125
"M702.4961T2487.28",702.4961,41.45,4.061,16.69,3.322e-07,1.125
"M537.3803T2801.03",537.3803,46.68,7.354,163.59,6.006e-07,1.125
"M1486.0275T2464.02",1486.0275,41.07,6.038,65.71,2.127e-11,1.124
"M1511.0407T2468.31",1511.0407,41.14,6.466,88.39,8.917e-10,1.124
"M267.2841T1652.94",267.2841,27.55,10.591,1542.72,9.31e-10,1.124
"M481.3070T1938.18",481.307,32.3,4.704,26.07,1.697e-09,1.124
"M736.5008T2412.35",736.5008,40.21,4.758,27.06,3.852e-09,1.124
"M1145.9098T2565.67",1145.9098,42.76,9.411,680.64,1.939e-08,1.124
"M759.5611T2610.96",759.5611,43.52,6.334,80.7,1.561e-07,1.124
"M659.5013T2801.44",659.5013,46.69,6.561,94.43,4.782e-07,1.124
"M760.5674T2609.79",760.5674,43.5,3.633,12.4,4.234e-06,1.124
"M272.2401T2800.98",272.2401,46.68,3.065,8.37,1.155e-09,1.123
"M753.5355T2482.68",753.5355,41.38,3.948,15.44,3.812e-08,1.123
"M1475.0726T2574.69",1475.0726,42.91,11.877,3762.06,4.891e-07,1.123
"M1474.0704T2574.55",1474.0704,42.91,12.009,4121.64,1.134e-06,1.123
"M577.5004T2467.52",577.5004,41.13,5.865,58.29,1.211e-06,1.123
"M1493.0659T2552.50",1493.0659,42.54,9.455,701.9,2.919e-06,1.123
"M547.4633T2411.92",547.4633,40.2,6.592,96.44,3.463e-06,1.123
"M455.4210T2459.95",455.421,41,4.361,20.54,7.322e-06,1.123
"M159.1147T2799.73",159.1147,46.66,3.049,8.28,2.683e-09,1.122
"M772.5708T2641.37",772.5708,44.02,4.646,25.04,7.829e-09,1.122
"M400.2484T2801.16",400.2484,46.69,3.61,12.21,8.499e-08,1.122
"M191.1748T2800.67",191.1748,46.68,3.248,9.5,1.444e-07,1.122
"M743.5486T2732.86",743.5486,45.55,4.199,18.37,1.787e-07,1.122
"M746.5511T2619.45",746.5511,43.66,6.776,109.6,1.802e-06,1.122
"M564.4974T2482.68",564.4974,41.38,5.094,34.14,2.17e-06,1.122
"M1460.0548T2555.84",1460.0548,42.6,13.233,9630.64,3.813e-06,1.122
"M579.5155T2511.19",579.5155,41.85,3.387,10.46,4.055e-06,1.122
"M1473.0571T2578.93",1473.0571,42.98,7.579,191.15,5.105e-06,1.122
"M1448.0552T2559.85",1448.0552,42.66,13.031,8367.97,6.19e-06,1.122
"M563.4951T2482.68",563.4951,41.38,5.55,46.85,6.276e-06,1.122
"M715.4990T2484.04",715.499,41.4,2.918,7.56,6.302e-06,1.122
"M456.3111T2801.30",456.3111,46.69,8.883,471.99,8.117e-06,1.122
"M659.4924T2733.37",659.4924,45.56,3.311,9.93,2.643e-09,1.121
"M259.2351T2800.74",259.2351,46.68,2.423,5.36,3.167e-09,1.121
"M660.4962T2732.86",660.4962,45.55,3.225,9.35,8.677e-09,1.121
"M737.5029T2412.39",737.5029,40.21,4.066,16.75,8.106e-08,1.121
"M161.1272T2800.37",161.1272,46.67,2.549,5.85,4.789e-07,1.121
"M149.1288T2800.78",149.1288,46.68,2.606,6.09,1.36e-06,1.121
"M455.2919T1901.48",455.2919,31.69,4.129,17.49,2.075e-06,1.121
"M565.5000T2482.55",565.5,41.38,4.116,17.35,3.034e-06,1.121
"M606.5406T2576.60",606.5406,42.94,2.536,5.8,3.206e-06,1.121
"M747.5557T2620.46",747.5557,43.67,6.108,68.97,3.903e-06,1.121
"M758.5582T2610.96",758.5582,43.52,6.93,121.98,4.707e-06,1.121
"M632.4781T2457.12",632.4781,40.95,4.298,19.68,8.581e-06,1.121
"M691.5027T2499.40",691.5027,41.66,4.969,31.32,1.948e-05,1.121
"M199.0837T2801.06",199.0837,46.68,2.811,7.02,6.414e-09,1.12
"M462.2934T1938.14",462.2934,32.3,4.226,18.71,1.939e-08,1.12
"M367.3308T2801.06",367.3308,46.68,9.171,576.44,6.371e-08,1.12
"M632.4830T2801.16",632.483,46.69,2.957,7.77,4.891e-07,1.12
"M1490.0953T2582.75",1490.0953,43.05,11.478,2851.63,7.126e-07,1.12
"M1465.0871T2592.25",1465.0871,43.2,11.139,2255.43,1.379e-06,1.12
"M1464.0811T2582.76",1464.0811,43.05,12.213,4747.56,2.493e-06,1.12
"M243.2046T2800.44",243.2046,46.67,3.063,8.35,4.764e-06,1.12
"M1511.0727T2586.19",1511.0727,43.1,9.518,733.22,6.19e-06,1.12
"M173.1273T2800.58",173.1273,46.68,3.379,10.41,6.487e-06,1.12
"M1494.0206T2469.00",1494.0206,41.15,6.424,85.87,6.682e-06,1.12
"M1462.0674T2573.19",1462.0674,42.89,13.051,8487.03,9.376e-06,1.12
"M703.5002T2486.05",703.5002,41.43,5.024,32.53,1.949e-05,1.12
"M454.4253T2460.63",454.4253,41.01,6.188,72.91,1.978e-05,1.12
"M690.5014T2499.10",690.5014,41.65,5.029,32.66,2.111e-05,1.12
"M808.5774T2735.76",808.5774,45.6,7.867,233.49,6.414e-09,1.119
"M257.2208T2801.03",257.2208,46.68,2.843,7.17,2.728e-07,1.119
"M1452.0764T2593.75",1452.0764,43.23,9.97,1003.22,1.082e-06,1.119
"M1459.0051T2449.60",1459.0051,40.83,6.286,78.01,1.142e-06,1.119
"M1500.0782T2593.92",1500.0782,43.23,9.687,824.04,3.618e-06,1.119
"M732.5025T2443.17",732.5025,40.72,4.254,19.09,5.04e-06,1.119
"M1434.0298T2516.65",1434.0298,41.94,8.223,298.85,6.333e-06,1.119
"M778.5503T2508.23",778.5503,41.8,4.191,18.27,1.391e-05,1.119
"M217.1886T2800.26",217.1886,46.67,5.242,37.85,1.624e-05,1.119
"M1433.0259T2520.04",1433.0259,42,8.633,397.12,1.639e-05,1.119
"M1379.9947T2499.03",1379.9947,41.65,7.169,143.87,1.657e-05,1.119
"M1432.0231T2520.04",1432.0231,42,8.784,440.71,2.037e-05,1.119
"M1472.0486T2568.12",1472.0486,42.8,6.974,125.71,2.063e-05,1.119
"M1461.0574T2555.65",1461.0574,42.59,13.194,9372.48,2.072e-05,1.119
"M1466.0389T2517.06",1466.0389,41.95,7.177,144.66,2.13e-05,1.119
"M437.3902T2459.42",437.3902,40.99,3.121,8.7,2.605e-05,1.119
"M247.2338T2800.69",247.2338,46.68,1.747,3.36,8.025e-09,1.118
"M219.2043T2801.03",219.2043,46.68,2.152,4.44,2.412e-07,1.118
"M1525.0848T2605.42",1525.0848,43.42,9.37,661.58,3.274e-06,1.118
"M177.1596T2800.44",177.1596,46.67,3.279,9.71,3.274e-06,1.118
"M1500.0462T2477.96",1500.0462,41.3,4.52,22.94,3.367e-06,1.118
"M719.4768T2412.75",719.4768,40.21,4.078,16.88,4.764e-06,1.118
"M147.1124T2800.73",147.1124,46.68,3.188,9.12,6.402e-06,1.118
"M1476.0835T2587.60",1476.0835,43.13,12.629,6332.62,1.013e-05,1.118
"M1380.9973T2499.68",1380.9973,41.66,8.054,265.8,2.062e-05,1.118
"M1436.0514T2559.56",1436.0514,42.66,10.324,1281.7,2.209e-05,1.118
"M739.5216T2450.22",739.5216,40.84,5.328,40.17,2.236e-05,1.118
"M1483.0306T2476.99",1483.0306,41.28,5.715,52.52,2.828e-05,1.118
"M716.5152T2520.18",716.5152,42,6.142,70.6,2.985e-05,1.118
"M852.5480T2459.07",852.548,40.98,4.185,18.19,3.223e-05,1.118
"M576.4982T2469.65",576.4982,41.16,7.485,179.1,3.773e-05,1.118
"M377.3470T1573.66",377.347,26.23,8.276,309.92,2.345e-09,1.117
"M562.5232T2723.58",562.5232,45.39,4.13,17.51,4.163e-08,1.117
"M981.5758T1938.09",981.5758,32.3,6.806,111.88,3.514e-07,1.117
"M712.4793T2498.60",712.4793,41.64,1.857,3.62,1.538e-06,1.117
"M773.5726T2641.88",773.5726,44.03,3.873,14.65,1.785e-06,1.117
"M578.5016T2466.55",578.5016,41.11,4.488,22.44,3.583e-06,1.117
"M1479.0964T2593.25",1479.0964,43.22,9.614,783.42,3.819e-06,1.117
"M779.5521T2508.41",779.5521,41.81,2.389,5.24,8.844e-06,1.117
"M1478.0944T2591.10",1478.0944,43.18,11.734,3405.52,9.155e-06,1.117
"M178.1628T2800.92",178.1628,46.68,3.157,8.92,1.022e-05,1.117
"M1128.8583T2488.06",1128.8583,41.47,1.54,2.91,1.264e-05,1.117
"M260.2390T2800.96",260.239,46.68,2.676,6.39,1.381e-05,1.117
"M1495.0210T2468.65",1495.021,41.14,6.185,72.75,1.446e-05,1.117
"M258.2253T2801.00",258.2253,46.68,2.712,6.55,1.657e-05,1.117
"M631.5376T2797.08",631.5376,46.62,4.061,16.69,1.829e-05,1.117
"M1451.0666T2560.80",1451.0666,42.68,10.942,1967.35,2.367e-05,1.117
"M733.5066T2442.90",733.5066,40.72,5.025,32.56,2.578e-05,1.117
"M230.0380T2582.21",230.038,43.04,6.117,69.41,2.59e-05,1.117
"M578.5124T2512.19",578.5124,41.87,4.66,25.29,3.601e-05,1.117
"M1421.0253T2530.39",1421.0253,42.17,8.705,417.38,4.533e-05,1.117
"M179.1733T2800.93",179.1733,46.68,1.914,3.77,7.114e-09,1.116
"M135.1130T2799.93",135.113,46.67,2.141,4.41,7.607e-08,1.116
"M1524.0763T2605.86",1524.0763,43.43,8.744,428.76,8.818e-07,1.116
"M551.4813T2446.90",551.4813,40.78,4.519,22.92,3.66e-06,1.116
"M1520.0861T2565.99",1520.0861,42.77,8.089,272.37,1.009e-05,1.116
"M693.5015T2494.43",693.5015,41.57,3.518,11.46,1.276e-05,1.116
"M1488.0864T2582.57",1488.0864,43.04,14.543,23873.27,2.67e-05,1.116
"M1492.0999T2603.94",1492.0999,43.4,11.183,2324.36,2.687e-05,1.116
"M550.4835T2450.22",550.4835,40.84,5.301,39.42,3.024e-05,1.116
"M549.4813T2450.22",549.4813,40.84,5.337,40.41,3.528e-05,1.116
"M1483.0612T2558.40",1483.0612,42.64,8.489,359.31,3.528e-05,1.116
"M230.0375T2669.55",230.0375,44.49,6.693,103.49,3.769e-05,1.116
"M1450.0627T2560.66",1450.0627,42.68,13.083,8678.41,4.02e-05,1.116
"M1480.0536T2537.02",1480.0536,42.28,6.429,86.18,4.123e-05,1.116
"M853.5510T2458.88",853.551,40.98,4.219,18.63,4.18e-05,1.116
"M564.4962T2537.66",564.4962,42.29,3.576,11.93,4.455e-05,1.116
"M780.5413T2614.31",780.5413,43.57,10.293,1254.52,4.614e-05,1.116
"M1465.0380T2517.43",1465.038,41.96,7.355,163.73,4.899e-05,1.116
"M581.5330T2720.58",581.533,45.34,2.468,5.53,1.156e-07,1.115
"M461.4074T2800.48",461.4074,46.67,2.134,4.39,3.439e-07,1.115
"M937.7503T2833.23",937.7503,47.22,3.841,14.33,3.827e-07,1.115
"M1497.0232T2467.65",1497.0232,41.13,3.923,15.17,6.342e-06,1.115
"M223.0927T2801.76",223.0927,46.7,3.341,10.14,1.065e-05,1.115
"M341.3742T1578.89",341.3742,26.31,6.916,120.74,1.472e-05,1.115
"M192.1781T2800.44",192.1781,46.67,2.986,7.92,1.614e-05,1.115
"M381.2378T2800.96",381.2378,46.68,8.024,260.27,1.706e-05,1.115
"M175.1436T2800.93",175.1436,46.68,3.723,13.2,1.743e-05,1.115
"M1491.0994T2587.41",1491.0994,43.12,10.726,1693.36,1.809e-05,1.115
"M401.2594T2801.09",401.2594,46.68,3.858,14.5,2.434e-05,1.115
"M1460.0147T2449.39",1460.0147,40.82,7.028,130.48,3.149e-05,1.115
"M1486.0623T2588.98",1486.0623,43.15,9.321,639.69,3.223e-05,1.115
"M562.4813T2441.41",562.4813,40.69,5.7,51.99,4.533e-05,1.115
"M1471.0452T2564.86",1471.0452,42.75,7.61,195.34,5.661e-05,1.115
"M580.5297T2720.67",580.5297,45.34,2.353,5.11,1.204e-07,1.114
"M1517.1134T2608.16",1517.1134,43.47,9.784,881.88,6.288e-07,1.114
"M1586.1357T2582.02",1586.1357,43.03,8.872,468.44,2.037e-05,1.114
"M1487.0314T2466.16",1487.0314,41.1,5.439,43.37,2.224e-05,1.114
"M740.5198T2448.91",740.5198,40.82,4.569,23.73,2.944e-05,1.114
"M722.4957T2450.22",722.4957,40.84,4.654,25.17,3.209e-05,1.114
"M1498.0678T2590.77",1498.0678,43.18,10.27,1234.4,4.27e-05,1.114
"M454.2916T1901.75",454.2916,31.7,5.21,37.02,4.588e-05,1.114
"M237.1072T2801.34",237.1072,46.69,4.278,19.4,4.853e-05,1.114
"M1463.0736T2575.55",1463.0736,42.93,13.792,14188.99,4.88e-05,1.114
"M1505.0721T2549.64",1505.0721,42.49,9.83,910.31,4.994e-05,1.114
"M1116.8607T2497.08",1116.8607,41.62,4.869,29.22,5.048e-05,1.114
"M1508.0828T2570.16",1508.0828,42.84,9.375,664.1,5.661e-05,1.114
"M721.4945T2451.25",721.4945,40.85,5.43,43.11,5.703e-05,1.114
"M201.1578T2800.99",201.1578,46.68,8.809,448.42,5.899e-05,1.114
"M1481.0224T2472.93",1481.0224,41.22,5.13,35.01,6.268e-05,1.114
"M502.4236T1557.20",502.4236,25.95,6.827,113.51,2.415e-07,1.113
"M1514.0471T2468.14",1514.0471,41.14,3.676,12.78,2.702e-06,1.113
"M340.3730T1577.58",340.373,26.29,5.829,56.86,2.918e-06,1.113
"M1505.1112T2611.01",1505.1112,43.52,10.781,1759.52,1.033e-05,1.113
"M934.7308T2821.10",934.7308,47.02,6.121,69.6,1.942e-05,1.113
"M396.3625T2800.44",396.3625,46.67,3.47,11.08,2.535e-05,1.113
"M1513.0463T2468.65",1513.0463,41.14,5.277,38.77,2.553e-05,1.113
"M145.0976T2800.13",145.0976,46.67,2.981,7.89,3.131e-05,1.113
"M1156.8908T2556.17",1156.8908,42.6,5.083,33.9,3.382e-05,1.113
"M1443.5372T2560.86",1443.5372,42.68,5.078,33.78,3.635e-05,1.113
"M574.4739T2604.12",574.4739,43.4,3.1,8.57,3.665e-05,1.113
"M603.5237T2533.51",603.5237,42.23,4.217,18.6,4.146e-05,1.113
"M1489.0892T2583.26",1489.0892,43.05,13.512,11684.38,4.591e-05,1.113
"M1506.0749T2549.75",1506.0749,42.5,9.078,540.52,5.541e-05,1.113
"M578.5131T2568.21",578.5131,42.8,3.079,8.45,5.852e-05,1.113
"M1479.0566T2535.84",1479.0566,42.26,6.294,78.47,6.071e-05,1.113
"M749.5127T2467.65",749.5127,41.13,5.664,50.69,6.247e-05,1.113
"M577.5087T2512.64",577.5087,41.88,5.06,33.37,7.634e-05,1.113
"M717.5168T2519.88",717.5168,42,6.445,87.12,7.899e-05,1.113
"M706.4932T2424.38",706.4932,40.41,6.909,120.18,9.506e-05,1.113
"M339.3741T1191.80",339.3741,19.86,11.072,2153.25,3.917e-08,1.112
"M930.6982T2709.72",930.6982,45.16,6.961,124.6,6.371e-08,1.112
"M151.1452T2800.92",151.1452,46.68,1.818,3.53,1.495e-06,1.112
"M1588.1425T2581.25",1588.1425,43.02,6.308,79.26,4.618e-06,1.112
"M519.4769T2800.69",519.4769,46.68,2.312,4.97,9.22e-06,1.112
"M1503.1008T2603.80",1503.1008,43.4,10.537,1485.27,2.224e-05,1.112
"M1487.0717T2591.77",1487.0717,43.2,8.835,456.62,4.008e-05,1.112
"M577.5098T2568.21",577.5098,42.8,3.303,9.87,5.948e-05,1.112
"M1507.0805T2569.04",1507.0805,42.82,8.6,388.09,7.273e-05,1.112
"M738.5187T2450.49",738.5187,40.84,5.476,44.51,7.537e-05,1.112
"M1422.0283T2541.67",1422.0283,42.36,7.732,212.6,8.112e-05,1.112
"M246.2241T2800.74",246.2241,46.68,8.481,357.39,8.16e-05,1.112
"M197.0773T2801.06",197.0773,46.68,4.887,29.59,8.683e-05,1.112
"M1453.5600T2561.15",1453.56,42.69,6.04,65.78,8.787e-05,1.112
"M1492.0529T2529.00",1492.0529,42.15,5.471,44.37,8.809e-05,1.112
"M1435.0450T2549.63",1435.045,42.49,10.55,1499.04,8.933e-05,1.112
"M1482.0596T2557.22",1482.0596,42.62,8.43,344.91,9.612e-05,1.112
"M1420.0240T2530.65",1420.024,42.18,9.441,694.86,9.62e-05,1.112
"M561.4785T2441.41",561.4785,40.69,7.669,203.45,9.961e-05,1.112
"M191.1746T2725.09",191.1746,45.42,2.51,5.7,4.873e-07,1.111
"M723.4964T2447.94",723.4964,40.8,4.017,16.19,2.381e-06,1.111
"M1516.1131T2608.65",1516.1131,43.48,11.046,2113.87,1.063e-05,1.111
"M1600.0642T2466.09",1600.0642,41.1,4.291,19.57,1.246e-05,1.111
"M1499.0416T2477.32",1499.0416,41.29,4.569,23.74,2.985e-05,1.111
"M1478.0512T2515.13",1478.0512,41.92,5.688,51.54,4.716e-05,1.111
"M1477.0901T2589.77",1477.0901,43.16,12.296,5027.37,5.307e-05,1.111
"M754.5374T2482.68",754.5374,41.38,3.101,8.58,6.09e-05,1.111
"M1158.9047T2595.28",1158.9047,43.25,5.75,53.81,6.624e-05,1.111
"M1437.0558T2562.57",1437.0558,42.71,10.173,1154.09,7.315e-05,1.111
"M589.5092T2558.66",589.5092,42.64,4.99,31.78,7.745e-05,1.111
"M1484.0529T2579.20",1484.0529,42.99,8.241,302.45,9.116e-05,1.111
"M563.4939T2537.67",563.4939,42.29,3.87,14.62,9.812e-05,1.111
"M1485.0259T2464.02",1485.0259,41.07,6.489,89.8,9.839e-05,1.111
"M752.5313T2482.68",752.5313,41.38,4.768,27.25,0.0001069,1.111
"M575.4960T2469.99",575.496,41.17,7.878,235.28,0.0001107,1.111
"M747.5115T2469.99",747.5115,41.17,6.729,106.08,0.000115,1.111
"M265.2592T1553.60",265.2592,25.89,8.215,297.04,1.075e-06,1.11
"M950.7287T2790.29",950.7287,46.5,3.326,10.03,1.896e-06,1.11
"M566.5052T2482.33",566.5052,41.37,2.739,6.68,1.237e-05,1.11
"M780.5637T2549.32",780.5637,42.49,2.782,6.88,1.581e-05,1.11
"M303.1626T2801.26",303.1626,46.69,2.332,5.03,3.295e-05,1.11
"M618.5464T2566.30",618.5464,42.77,2.188,4.56,3.386e-05,1.11
"M705.4725T2373.93",705.4725,39.57,4.541,23.28,3.549e-05,1.11
"M1560.1189T2577.03",1560.1189,42.95,6.991,127.2,3.899e-05,1.11
"M718.5174T2514.46",718.5174,41.91,6.179,72.43,4.732e-05,1.11
"M1451.0162T2505.12",1451.0162,41.75,4.105,17.2,7.801e-05,1.11
"M142.0236T2619.53",142.0236,43.66,6.892,118.8,9.033e-05,1.11
"M1497.0601T2579.06",1497.0601,42.98,9.351,653.04,0.0001041,1.11
"M718.5326T2563.66",718.5326,42.73,6.625,98.68,0.0001106,1.11
"M1408.9745T2451.92",1408.9745,40.87,5.823,56.61,0.0001195,1.11
"M518.4671T2801.03",518.4671,46.68,1.681,3.21,1.417e-07,1.109
"M1596.0965T2521.91",1596.0965,42.03,5.871,58.52,2.033e-06,1.109
"M959.6002T1936.77",959.6002,32.28,6.903,119.64,6.746e-06,1.109
"M345.1990T2801.06",345.199,46.68,2.757,6.76,4.354e-05,1.109
"M329.3508T1171.38",329.3508,19.52,7.034,131.05,5.42e-05,1.109
"M866.5637T2487.86",866.5637,41.46,3.887,14.79,6.333e-05,1.109
"M238.1107T2801.30",238.1107,46.69,3.877,14.7,7.543e-05,1.109
"M495.3372T2801.44",495.3372,46.69,4.649,25.1,0.0001106,1.109
"M1459.0546T2562.42",1459.0546,42.71,6.18,72.51,0.0001114,1.109
"M733.5472T2596.30",733.5472,43.27,7.807,223.97,0.0001164,1.109
"M159.1148T2723.01",159.1148,45.38,2.46,5.5,1.561e-07,1.108
"M147.1084T2723.97",147.1084,45.4,2.231,4.69,6.18e-07,1.108
"M933.6515T2669.83",933.6515,44.5,3.243,9.47,1.116e-06,1.108
"M165.1564T2800.19",165.1564,46.67,1.82,3.53,3.356e-06,1.108
"M456.2933T1902.14",456.2933,31.7,2.903,7.48,8.209e-06,1.108
"M476.2710T1894.57",476.271,31.58,4.484,22.38,8.703e-06,1.108
"M700.4808T2456.95",700.4808,40.95,2.259,4.79,5.348e-05,1.108
"M1493.5726T2590.17",1493.5726,43.17,6.456,87.81,7.241e-05,1.108
"M1480.0125T2464.15",1480.0125,41.07,3.61,12.21,7.442e-05,1.108
"M1468.0476T2543.21",1468.0476,42.39,5.185,36.37,8.354e-05,1.108
"M1491.0528T2529.00",1491.0528,42.15,5.84,57.29,0.0001107,1.108
"M398.3770T2801.03",398.377,46.68,3.636,12.43,0.000122,1.108
"M332.1883T2801.16",332.1883,46.69,5.633,49.63,0.0001257,1.108
"M1481.0588T2544.72",1481.0588,42.41,9.102,549.48,0.0001413,1.108
"M357.3780T1675.79",357.378,27.93,9.669,813.81,0.0001536,1.108
"M677.5214T2732.00",677.5214,45.53,7.303,157.92,0.0001574,1.108
"M582.5341T2721.20",582.5341,45.35,2.02,4.06,5.554e-07,1.107
"M190.1617T2723.40",190.1617,45.39,3.276,9.69,1.258e-06,1.107
"M1519.1252T2610.60",1519.1252,43.51,8.781,439.89,4.534e-06,1.107
"M781.5319T2616.47",781.5319,43.61,3.848,14.4,2.077e-05,1.107
"M322.3449T1577.08",322.3449,26.28,6.09,68.1,3.721e-05,1.107
"M1450.0200T2501.69",1450.02,41.69,3.849,14.41,5.843e-05,1.107
"M935.7389T2821.09",935.7389,47.02,6.724,105.72,8.315e-05,1.107
"M1461.0166T2449.22",1461.0166,40.82,6.007,64.31,9.169e-05,1.107
"M1452.0205T2505.43",1452.0205,41.76,4.369,20.67,0.000119,1.107
"M1117.8655T2497.08",1117.8655,41.62,4.915,30.17,0.0001359,1.107
"M1467.0455T2517.13",1467.0455,41.95,5.994,63.72,0.0001366,1.107
"M1485.0564T2581.06",1485.0564,43.02,10.115,1108.76,0.0001428,1.107
"M510.3554T2801.13",510.3554,46.69,4.35,20.39,0.0001547,1.107
"M589.5093T2507.60",589.5093,41.79,5.389,41.91,0.0001554,1.107
"M319.1847T2801.16",319.1847,46.69,6.75,107.6,0.0001565,1.107
"M776.5668T2612.38",776.5668,43.54,4.328,20.08,3.131e-07,1.106
"M1532.0794T2581.88",1532.0794,43.03,8.251,304.69,1.033e-06,1.106
"M743.4725T2448.99",743.4725,40.82,3.444,10.88,1.844e-06,1.106
"M588.5010T2619.36",588.501,43.66,1.531,2.89,2.632e-06,1.106
"M216.1709T2800.17",216.1709,46.67,3.643,12.49,3.971e-05,1.106
"M936.7445T2824.53",936.7445,47.08,4.254,19.08,4.629e-05,1.106
"M1132.8845T2534.83",1132.8845,42.25,4.288,19.53,4.88e-05,1.106
"M1540.0309T2458.52",1540.0309,40.98,4.691,25.83,5.661e-05,1.106
"M1504.1071T2608.31",1504.1071,43.47,10.307,1266.6,5.899e-05,1.106
"M1480.0808T2593.71",1480.0808,43.23,8.824,453.05,8.817e-05,1.106
"M1470.0164T2473.04",1470.0164,41.22,5.085,33.95,0.0001023,1.106
"M783.5372T2633.68",783.5372,43.89,4.532,23.13,0.0001222,1.106
"M1174.9050T2452.54",1174.905,40.88,7.539,186.02,0.0001428,1.106
"M612.5463T2693.11",612.5463,44.89,1.444,2.72,5.571e-05,1.105
"M502.2862T1938.27",502.2862,32.3,6.56,94.33,7.948e-05,1.105
"M1453.0827T2596.32",1453.0827,43.27,10.057,1065.23,8.083e-05,1.105
"M1502.0994T2603.80",1502.0994,43.4,10.855,1852.03,0.0001053,1.105
"M323.3486T1577.01",323.3486,26.28,7.522,183.86,0.000119,1.105
"M1512.0449T2468.65",1512.0449,41.14,6.335,80.71,0.000154,1.105
"M375.2426T2800.93",375.2426,46.68,4.146,17.7,0.0001637,1.105
"M1424.0441T2553.65",1424.0441,42.56,8.84,458.1,0.0001647,1.105
"M695.5257T2801.16",695.5257,46.69,3.314,9.94,0.000169,1.105
"M1434.0390T2550.23",1434.039,42.5,10.817,1803.42,0.0001815,1.105
"M1494.0683T2553.00",1494.0683,42.55,11.028,2088.68,0.0001964,1.105
"M705.5197T2535.13",705.5197,42.25,5.007,32.16,0.0001969,1.105
"M175.1429T2724.51",175.1429,45.41,2.693,6.47,1.438e-08,1.104
"M971.7662T2755.75",971.7662,45.93,1.861,3.63,1.322e-07,1.104
"M1332.0313T2614.24",1332.0313,43.57,4.535,23.18,2.18e-06,1.104
"M503.2915T1938.59",503.2915,32.31,3.516,11.44,3.145e-06,1.104
"M1458.0167T2481.92",1458.0167,41.37,3.198,9.18,6.613e-06,1.104
"M1493.1050T2609.27",1493.105,43.49,9.465,706.85,2.027e-05,1.104
"M982.7646T2787.16",982.7646,46.45,3.667,12.7,5.661e-05,1.104
"M546.4395T2427.83",546.4395,40.46,2.974,7.86,7.247e-05,1.104
"M579.5215T2561.52",579.5215,42.69,2.429,5.38,0.0001639,1.104
"M190.1631T2799.96",190.1631,46.67,3.623,12.32,0.0001769,1.104
"M251.1227T2801.16",251.1227,46.69,4.785,27.57,0.0001792,1.104
"M646.4790T2801.03",646.479,46.68,4.501,22.65,0.0001803,1.104
"M645.4756T2801.06",645.4756,46.68,4.757,27.04,0.000191,1.104
"M271.2355T2800.76",271.2355,46.68,3.369,10.33,0.0001969,1.104
"M592.5274T2548.49",592.5274,42.47,3.442,10.87,0.0002024,1.104
"M704.5168T2535.13",704.5168,42.25,5.081,33.86,0.0002039,1.104
"M736.5141T2481.69",736.5141,41.36,3.788,13.82,0.0002115,1.104
"M1506.1227T2613.30",1506.1227,43.56,8.563,378.08,2.686e-06,1.103
"M1521.0314T2467.54",1521.0314,41.13,2.534,5.79,1.135e-05,1.103
"M462.4090T2800.34",462.409,46.67,2.093,4.27,1.743e-05,1.103
"M1526.0840T2610.27",1526.084,43.5,9.216,594.56,2.198e-05,1.103
"M718.6544T2842.43",718.6544,47.37,2.842,7.17,4.648e-05,1.103
"M299.7325T2055.00",299.7325,34.25,3.101,8.58,5.724e-05,1.103
"M1425.0461T2554.25",1425.0461,42.57,6.933,122.21,0.0001477,1.103
"M800.6389T2803.44",800.6389,46.72,5.59,48.18,0.0001858,1.103
"M189.1593T2800.03",189.1593,46.67,4.27,19.3,0.0001913,1.103
"M395.3588T2800.33",395.3588,46.67,4.09,17.03,0.0002018,1.103
"M1496.0661T2576.38",1496.0661,42.94,9.568,758.8,0.0002206,1.103
"M1437.0058T2487.86",1437.0058,41.46,5.769,54.52,0.0002319,1.103
"M510.2489T1879.26",510.2489,31.32,4.499,22.61,3.032e-06,1.102
"M633.5435T2594.22",633.5435,43.24,2.693,6.47,3.769e-05,1.102
"M176.1490T2799.99",176.149,46.67,2.166,4.49,4.963e-05,1.102
"M769.4907T2469.54",769.4907,41.16,3.645,12.51,5.235e-05,1.102
"M1244.9471T2445.85",1244.9471,40.76,5.106,34.43,0.0001114,1.102
"M276.1683T593.34",276.1683,9.89,1.306,2.47,0.0001428,1.102
"M1439.0603T2564.03",1439.0603,42.73,9.696,829.62,0.0001791,1.102
"M357.3698T1572.59",357.3698,26.21,8.285,311.94,0.0001976,1.102
"M1267.9196T2442.75",1267.9196,40.71,4.533,23.16,0.0001977,1.102
"M692.5020T2496.58",692.502,41.61,3.079,8.45,0.000208,1.102
"M1170.9061T2584.76",1170.9061,43.08,6.554,93.95,0.0002234,1.102
"M373.2300T2801.06",373.23,46.68,4.964,31.22,0.0002405,1.102
"M1447.0416T2548.69",1447.0416,42.48,8.811,449.13,0.0002412,1.102
"M603.5234T2585.74",603.5234,43.1,4.766,27.22,0.0002487,1.102
"M610.5492T2799.10",610.5492,46.65,2.445,5.44,5.494e-07,1.101
"M563.5255T2723.72",563.5255,45.4,1.895,3.72,1.134e-06,1.101
"M410.3765T2727.86",410.3765,45.46,3.764,13.59,1.084e-05,1.101
"M355.3623T1625.77",355.3623,27.1,9.765,870.02,4.891e-05,1.101
"M950.7665T2841.92",950.7665,47.37,2.983,7.91,7.537e-05,1.101
"M662.4693T2428.29",662.4693,40.47,2.226,4.68,0.0001307,1.101
"M438.3974T2459.29",438.3974,40.99,1.992,3.98,0.0001352,1.101
"M1587.1404T2582.57",1587.1404,43.04,9.13,560.09,0.0001354,1.101
"M321.0390T1287.83",321.039,21.46,8.232,300.67,0.0002187,1.101
"M385.2311T2800.87",385.2311,46.68,7.643,199.86,0.0002242,1.101
"M737.5157T2481.69",737.5157,41.36,3.06,8.34,0.000225,1.101
"M1464.0461T2518.43",1464.0461,41.97,5.71,52.36,0.0002305,1.101
"M880.7813T2473.94",880.7813,41.23,5.526,46.07,0.0002335,1.101
"M1452.9905T2447.52",1452.9905,40.79,5.357,40.97,0.0002586,1.101
"M1346.0508T2616.13",1346.0508,43.6,4.67,25.47,4.891e-07,1.1
"M494.4655T2623.12",494.4655,43.72,2.283,4.87,2.487e-06,1.1
"M771.5905T2803.08",771.5905,46.72,1.76,3.39,1.244e-05,1.1
"M501.4226T1189.44",501.4226,19.82,7.967,250.17,0.0001769,1.1
"M1118.8687T2496.10",1118.8687,41.6,2.837,7.14,0.0001803,1.1
"M150.1324T2799.96",150.1324,46.67,2.797,6.95,0.0002149,1.1
"M1573.0453T2454.28",1573.0453,40.9,8.073,269.38,0.0002286,1.1
"M910.7229T2812.98",910.7229,46.88,7.734,212.93,0.0002498,1.1
"M410.3752T2800.58",410.3752,46.68,3.916,15.1,0.0002743,1.1
"M604.5271T2585.74",604.5271,43.1,4.318,19.95,0.000278,1.1
"M206.1935T2800.96",206.1935,46.68,3.051,8.29,0.0002929,1.1
"M498.4453T2410.40",498.4453,40.17,2.99,7.94,1.254e-05,1.099
"M516.3019T1798.03",516.3019,29.97,1.802,3.49,1.657e-05,1.099
"M1424.0103T2491.65",1424.0103,41.53,4.208,18.48,5.661e-05,1.099
"M951.7617T2821.84",951.7617,47.03,5.957,62.12,0.000211,1.099
"M508.4635T2562.02",508.4635,42.7,5.285,39,0.0002158,1.099
"M1408.0254T2533.14",1408.0254,42.22,6.747,107.42,0.0002322,1.099
"M1442.5416T2559.39",1442.5416,42.66,5.973,62.83,0.0002347,1.099
"M333.1984T2801.16",333.1984,46.69,3.608,12.2,0.0002786,1.099
"M1129.8653T2487.21",1129.8653,41.45,2.49,5.62,0.0002234,1.098
"M1477.0448T2515.13",1477.0448,41.92,5.911,60.16,0.0002963,1.098
"M1470.0434T2564.35",1470.0434,42.74,7.567,189.69,0.0003261,1.098
"M719.6610T2842.28",719.661,47.37,1.917,3.78,4.462e-05,1.097
"M790.5376T2627.50",790.5376,43.79,2.651,6.28,0.0001189,1.097
"M189.1586T2723.37",189.1586,45.39,4.975,31.44,0.0001512,1.097
"M339.3700T1578.67",339.37,26.31,5.921,60.59,0.0001942,1.097
"M1521.0938T2579.79",1521.0938,43,9.317,637.66,0.0002733,1.097
"M292.2974T1706.95",292.2974,28.45,9.674,816.72,0.0002756,1.097
"M704.4736T2374.14",704.4736,39.57,5.07,33.58,0.0002834,1.097
"M604.5270T2533.66",604.527,42.23,3.957,15.53,0.0002846,1.097
"M231.2048T2800.78",231.2048,46.68,3.834,14.26,0.0003036,1.097
"M1406.0150T2514.46",1406.015,41.91,5.384,41.77,0.0003213,1.097
"M1409.9767T2451.92",1409.9767,40.87,5.118,34.74,0.0003633,1.097
"M192.1759T2726.01",192.1759,45.43,2.199,4.59,1.092e-06,1.096
"M1335.0600T2618.89",1335.06,43.65,4.278,19.4,1.961e-06,1.096
"M818.7604T2977.89",818.7604,49.63,2.286,4.88,4.826e-06,1.096
"M1535.0896T2577.99",1535.0896,42.97,8.908,480.31,5.819e-05,1.096
"M592.5262T2597.10",592.5262,43.28,2.998,7.99,0.0002444,1.096
"M1499.0713T2592.25",1499.0713,43.2,8.972,502.1,0.0002783,1.096
"M285.2512T2800.33",285.2512,46.67,4.227,18.72,0.000345,1.096
"M730.5346T2556.00",730.5346,42.6,6.936,122.46,0.0003529,1.096
"M1458.0350T2562.91",1458.035,42.72,6.97,125.36,0.0003544,1.096
"M481.3221T2801.06",481.3221,46.68,4.361,20.54,0.000355,1.096
"M1446.0380T2548.18",1446.038,42.47,8.576,381.75,0.0003557,1.096
"M591.5234T2548.69",591.5234,42.48,4.172,18.03,0.0003637,1.096
"M1439.0189T2507.13",1439.0189,41.79,5.394,42.04,0.0003757,1.096
"M1455.0040T2447.29",1455.004,40.79,5.362,41.14,0.000384,1.096
"M1334.0524T2618.02",1334.0524,43.63,4.919,30.25,7.728e-06,1.095
"M436.2832T1901.57",436.2832,31.69,2.876,7.34,3.165e-05,1.095
"M659.5110T2176.90",659.511,36.28,1.667,3.18,5.838e-05,1.095
"M1518.1030T2608.59",1518.103,43.48,7.545,186.7,6.108e-05,1.095
"M1523.0837T2581.34",1523.0837,43.02,8.044,263.95,0.0001366,1.095
"M1161.9164T2482.06",1161.9164,41.37,4.219,18.62,0.0001514,1.095
"M1428.9820T2447.91",1428.982,40.8,2.961,7.79,0.0002166,1.095
"M1407.0163T2514.16",1407.0163,41.9,5.247,37.98,0.0003818,1.095
"M264.1252T2801.16",264.1252,46.69,5.054,33.22,0.0003983,1.095
"M516.1787T1255.98",516.1787,20.93,5.553,46.94,1.34e-06,1.094
"M1601.0709T2470.11",1601.0709,41.17,3.674,12.76,4.263e-05,1.094
"M1501.0741T2602.08",1501.0741,43.37,8.08,270.61,0.0002039,1.094
"M1466.0901T2593.25",1466.0901,43.22,10.636,1591.09,0.0002988,1.094
"M848.6186T2468.99",848.6186,41.15,2.636,6.21,0.0003267,1.094
"M879.5670T2475.83",879.567,41.26,4.625,24.67,0.0003633,1.094
"M1438.0583T2563.31",1438.0583,42.72,11.799,3562.13,0.000375,1.094
"M1453.0292T2526.25",1453.0292,42.1,5.242,37.84,0.0004107,1.094
"M1527.0656T2609.90",1527.0656,43.5,7.397,168.53,3.549e-05,1.093
"M1498.0261T2466.64",1498.0261,41.11,2.31,4.96,5.265e-05,1.093
"M961.5997T1938.76",961.5997,32.31,4.502,22.65,9.409e-05,1.093
"M1556.0610T2495.38",1556.061,41.59,6.014,64.61,0.0002313,1.093
"M464.4248T2800.87",464.4248,46.68,2.288,4.88,0.000249,1.093
"M1157.8960T2556.34",1157.896,42.61,5.539,46.49,0.0003275,1.093
"M1510.0729T2586.76",1510.0729,43.11,10.474,1422.49,0.0003761,1.093
"M1496.0216T2468.65",1496.0216,41.14,5.74,53.46,0.0004163,1.093
"M881.7851T2473.95",881.7851,41.23,5.504,45.4,0.0004177,1.093
"M263.1223T2801.06",263.1223,46.68,5.416,42.7,0.0004327,1.093
"M374.2336T2801.16",374.2336,46.69,6.116,69.36,0.000464,1.093
"M178.1592T2727.28",178.1592,45.45,2.156,4.46,7.22e-06,1.092
"M700.1964T1808.14",700.1964,30.14,3.705,13.04,5.703e-05,1.092
"M803.5675T2597.28",803.5675,43.29,6.308,79.24,9.269e-05,1.092
"M940.7185T2751.93",940.7185,45.87,3.523,11.5,9.798e-05,1.092
"M1522.0918T2580.25",1522.0918,43,8.67,407.29,0.0002929,1.092
"M252.1261T2801.62",252.1261,46.69,4.322,20.01,0.0004386,1.092
"M759.5182T2469.00",759.5182,41.15,4.254,19.08,0.0004891,1.092
"M509.3525T2801.06",509.3525,46.68,5.764,54.32,0.000496,1.092
"M1435.4714T2825.61",1435.4714,47.09,6.6,97.02,1.063e-05,1.091
"M502.4255T1193.33",502.4255,19.89,7.442,173.89,5.852e-05,1.091
"M674.4640T2423.03",674.464,40.38,1.528,2.88,0.0003651,1.091
"M1382.0125T2500.98",1382.0125,41.68,6.565,94.69,0.0004468,1.091
"M603.4300T2801.16",603.43,46.69,7.259,153.18,0.0005038,1.091
"M617.4456T2801.06",617.4456,46.68,8.02,259.6,0.0005258,1.091
"M726.5383T2616.88",726.5383,43.61,7.762,217.06,0.0005338,1.091
"M1515.0440T2468.52",1515.044,41.14,2.539,5.81,7.273e-05,1.09
"M524.2683T1942.18",524.2683,32.37,3.991,15.9,7.388e-05,1.09
"M1160.9086T2595.05",1160.9086,43.25,6.693,103.48,0.0004476,1.09
"M591.5226T2597.10",591.5226,43.28,3.347,10.18,0.0004591,1.09
"M806.5791T2569.32",806.5791,42.82,3.945,15.4,0.0004993,1.09
"M1479.0092T2464.02",1479.0092,41.07,4.531,23.12,0.0005114,1.09
"M1438.0108T2488.49",1438.0108,41.47,5.84,57.28,0.0005478,1.09
"M985.7609T2759.92",985.7609,46,3.317,9.96,2.144e-05,1.089
"M396.3694T2726.81",396.3694,45.45,1.703,3.26,2.977e-05,1.089
"M1471.1366T2802.13",1471.1366,46.7,5.338,40.45,0.0002316,1.089
"M1471.0235T2478.05",1471.0235,41.3,4.15,17.75,0.0004327,1.089
"M819.7537T2977.20",819.7537,49.62,1.676,3.2,3.032e-06,1.088
"M314.3585T1173.13",314.3585,19.55,5.863,58.21,2.291e-05,1.088
"M1348.0601T2616.25",1348.0601,43.6,4.824,28.33,4.736e-05,1.088
"M1561.1177T2576.21",1561.1177,42.94,9.201,588.58,5.914e-05,1.088
"M1509.0479T2506.50",1509.0479,41.77,3.176,9.04,9.269e-05,1.088
"M912.6598T2670.86",912.6598,44.51,3.965,15.61,0.0002316,1.088
"M962.7637T2845.10",962.7637,47.42,3.483,11.18,0.0004163,1.088
"M164.1475T2800.33",164.1475,46.67,3.859,14.51,0.0004636,1.088
"M1441.9864T2449.92",1441.9864,40.83,4.581,23.93,0.0004682,1.088
"M305.1693T2801.16",305.1693,46.69,4.467,22.11,0.0005723,1.088
"M706.5176T2535.70",706.5176,42.26,4.006,16.06,0.0005839,1.088
"M777.5710T2576.16",777.571,42.94,3.681,12.83,1.241e-05,1.087
"M1184.9019T2610.77",1184.9019,43.51,4.772,27.31,0.0001277,1.087
"M328.3004T2800.55",328.3004,46.68,3.779,13.72,0.0005827,1.087
"M745.5478T2583.26",745.5478,43.05,9.114,554.27,0.0005965,1.087
"M1472.1321T2803.06",1472.1321,46.72,4.483,22.37,0.0001725,1.086
"M1575.0536T2454.62",1575.0536,40.91,3.13,8.75,0.0002133,1.086
"M777.7167T2951.50",777.7167,49.19,2.278,4.85,0.0002962,1.086
"M325.2801T2800.67",325.2801,46.68,2.388,5.24,0.0004993,1.086
"M382.3691T1783.89",382.3691,29.73,5.678,51.2,0.0005656,1.086
"M1160.8886T2482.91",1160.8886,41.38,6.644,99.99,0.0005959,1.086
"M1084.8365T2468.57",1084.8365,41.14,7.873,234.48,0.0006384,1.086
"M494.3203T1796.90",494.3203,29.95,1.518,2.86,0.0001028,1.085
"M961.7508T2831.23",961.7508,47.19,3.732,13.29,0.000384,1.085
"M651.5912T2786.54",651.5912,46.44,4.4,21.11,0.0004535,1.085
"M1392.0050T2495.66",1392.005,41.59,3.927,15.21,0.0005726,1.085
"M1484.0211T2476.20",1484.0211,41.27,3.984,15.82,0.0006273,1.085
"M198.0799T2801.06",198.0799,46.68,6.336,80.79,0.000664,1.085
"M829.6664T2803.58",829.6664,46.73,7.787,220.92,0.0006829,1.085
"M729.5610T2801.16",729.561,46.69,5.385,41.79,0.0007036,1.085
"M1026.5473T1940.36",1026.5473,32.34,2.647,6.26,3.223e-05,1.084
"M611.5498T2798.12",611.5498,46.64,1.731,3.32,4.029e-05,1.084
"M974.1706T2915.33",974.1706,48.59,5.682,51.34,0.0001855,1.084
"M1130.8774T2535.33",1130.8774,42.26,5.211,37.03,0.0004853,1.084
"M1476.0484T2515.00",1476.0484,41.92,5.025,32.56,0.0005583,1.084
"M1533.1156T2578.03",1533.1156,42.97,9.32,638.95,1.942e-05,1.083
"M960.6022T1937.76",960.6022,32.3,5.037,32.83,5.98e-05,1.083
"M731.5306T2556.84",731.5306,42.61,7.058,133.26,0.0006917,1.083
"M232.2083T2800.85",232.2083,46.68,4.051,16.58,0.0007956,1.083
"M383.3110T2231.56",383.311,37.19,1.859,3.63,2.037e-05,1.082
"M1443.1160T2819.39",1443.116,46.99,2.714,6.56,6.466e-05,1.082
"M220.2071T2801.05",220.2071,46.68,2.513,5.71,0.0005632,1.082
"M564.2232T1808.02",564.2232,30.13,6.659,101.05,0.0006516,1.082
"M1171.9109T2585.26",1171.9109,43.09,5.761,54.22,0.0007072,1.082
"M1423.0400T2552.50",1423.04,42.54,9.956,993.57,0.0007353,1.082
"M464.4170T2728.61",464.417,45.48,1.521,2.87,5.548e-06,1.081
"M1584.0461T2451.03",1584.0461,40.85,2.199,4.59,4.225e-05,1.081
"M1422.9926T2468.93",1422.9926,41.15,3.325,10.02,8.809e-05,1.081
"M1474.9841T2442.46",1474.9841,40.71,3.215,9.29,0.0001976,1.081
"M1574.0495T2454.06",1574.0495,40.9,3.548,11.7,0.0004173,1.081
"M925.7434T2813.00",925.7434,46.88,6.113,69.21,0.0006984,1.081
"M1475.9785T2444.05",1475.9785,40.73,3.676,12.78,0.0007942,1.081
"M288.2709T2801.06",288.2709,46.68,3.976,15.73,0.0008083,1.081
"M976.2278T1442.88",976.2278,24.05,3.99,15.89,0.0008102,1.081
"M355.2201T2800.99",355.2201,46.68,5.824,56.67,0.0008191,1.081
"M331.1845T2801.13",331.1845,46.69,5.06,33.36,0.0008233,1.081
"M965.7033T2681.81",965.7033,44.7,6.349,81.51,1.063e-05,1.08
"M1472.0002T2444.32",1472.0002,40.74,3.951,15.47,4.18e-05,1.08
"M791.7531T2460.58",791.7531,41.01,4.866,29.16,0.0006443,1.08
"M812.6403T2855.94",812.6403,47.6,8.748,430,0.0008671,1.08
"M1469.0138T2465.55",1469.0138,41.09,4.5,22.63,0.0008676,1.08
"M720.5410T2602.16",720.541,43.37,3.304,9.88,4.934e-05,1.079
"M1454.0752T2597.30",1454.0752,43.29,7.91,240.47,6.892e-05,1.079
"M312.6956T460.70",312.6956,7.68,2.658,6.31,8.842e-05,1.079
"M939.6869T2737.29",939.6869,45.62,3.76,13.55,0.0004391,1.079
"M721.5465T2602.18",721.5465,43.37,4.187,18.21,0.0007776,1.079
"M1426.5088T2530.39",1426.5088,42.17,3.385,10.44,0.0008191,1.079
"M1456.0086T2455.54",1456.0086,40.93,4.26,19.16,0.000863,1.079
"M559.4022T2801.44",559.4022,46.69,6.226,74.84,0.0009029,1.079
"M1576.0519T2454.78",1576.0519,40.91,2.337,5.05,4.732e-05,1.078
"M1025.5449T1939.96",1025.5449,32.33,3.618,12.28,5.733e-05,1.078
"M1427.5256T2540.21",1427.5256,42.34,3.845,14.37,0.000154,1.078
"M845.7799T2983.43",845.7799,49.72,2.233,4.7,0.0003216,1.078
"M633.2131T1807.91",633.2131,30.13,3.538,11.61,0.0005212,1.078
"M1437.5123T2524.66",1437.5123,42.08,2.54,5.81,0.0007389,1.078
"M355.3656T1573.04",355.3656,26.22,5.928,60.89,0.0007551,1.078
"M1409.0271T2534.13",1409.0271,42.24,7.74,213.78,0.0008043,1.078
"M1144.8896T2566.24",1144.8896,42.77,6.012,64.51,0.0008336,1.078
"M218.1928T2800.99",218.1928,46.68,6.555,94.03,0.0009356,1.078
"M524.3739T2801.20",524.3739,46.69,4.798,27.82,0.000996,1.078
"M591.4290T2801.06",591.429,46.68,5.029,32.65,0.000996,1.078
"M384.3151T2227.89",384.3151,37.13,1.623,3.08,2.309e-06,1.077
"M382.3760T1161.30",382.376,19.36,4.651,25.12,0.0001384,1.077
"M259.1224T814.15",259.1224,13.57,0.855,1.81,0.0001807,1.077
"M984.7492T2755.36",984.7492,45.92,3.651,12.56,0.0004386,1.077
"M1159.9050T2594.92",1159.905,43.25,5.558,47.13,0.0007904,1.077
"M957.7151T2824.22",957.7151,47.07,5.909,60.07,0.0008064,1.077
"M1412.0399T2541.21",1412.0399,42.35,6.512,91.28,0.0008449,1.077
"M536.3713T2801.06",536.3713,46.68,5.412,42.57,0.000986,1.077
"M407.3582T2800.58",407.3582,46.68,4.451,21.87,0.0009866,1.077
"M1463.9783T2447.91",1463.9783,40.8,5.007,32.16,0.001062,1.077
"M1403.5364T2537.10",1403.5364,42.28,3.397,10.54,0.0004124,1.076
"M728.4882T2423.09",728.4882,40.38,4.364,20.59,0.0005518,1.076
"M1510.0538T2511.02",1510.0538,41.85,3.643,12.49,0.0007454,1.076
"M1491.9985T2466.56",1491.9985,41.11,3.218,9.31,0.0008651,1.076
"M356.3684T1572.82",356.3684,26.21,7.25,152.18,0.0009389,1.076
"M822.6071T2449.86",822.6071,40.83,3.113,8.65,0.0009468,1.076
"M725.5383T2616.27",725.5383,43.6,6.611,97.78,0.001095,1.076
"M1566.0040T2600.07",1566.004,43.33,8.751,430.77,3.66e-06,1.075
"M546.4960T2725.85",546.496,45.43,4.38,20.82,0.0003703,1.075
"M1477.0092T2444.05",1477.0092,40.73,2.935,7.65,0.0003932,1.075
"M720.5322T2562.07",720.5322,42.7,6.538,92.9,0.000536,1.075
"M312.6954T572.99",312.6954,9.55,3.029,8.16,0.0005839,1.075
"M1413.0033T2492.52",1413.0033,41.54,4.885,29.56,0.0006438,1.075
"M1172.9230T2580.34",1172.923,43.01,4.723,26.41,0.0007999,1.075
"M1143.8811T2517.16",1143.8811,41.95,6.516,91.49,0.0008323,1.075
"M732.5486T2595.92",732.5486,43.27,8.929,487.49,0.0009976,1.075
"M719.5325T2563.86",719.5325,42.73,7.09,136.23,0.0009999,1.075
"M423.2873T2801.23",423.2873,46.69,5.294,39.23,0.001024,1.075
"M542.4812T2728.19",542.4812,45.47,1.945,3.85,3.773e-05,1.074
"M218.1917T2724.59",218.1917,45.41,6.265,76.91,0.0007288,1.074
"M960.7427T2831.91",960.7427,47.2,4.625,24.68,0.0007717,1.074
"M1453.9902T2446.94",1453.9902,40.78,5.805,55.91,0.001178,1.074
"M455.3080T2801.06",455.308,46.68,0.915,1.89,3.237e-06,1.073
"M755.4790T2435.85",755.479,40.6,2.193,4.57,4.098e-06,1.073
"M1196.8618T2454.94",1196.8618,40.92,6.66,101.14,1.415e-05,1.073
"M990.7573T2769.60",990.7573,46.16,2.113,4.33,0.0001538,1.073
"M910.6530T2669.75",910.653,44.5,6.667,101.62,0.000765,1.073
"M312.6960T548.84",312.696,9.15,2.986,7.92,0.0007862,1.073
"M790.5568T2568.08",790.5568,42.8,4.208,18.49,0.0008691,1.073
"M1144.8841T2515.74",1144.8841,41.93,8.243,302.87,0.00101,1.073
"M543.4805T2801.16",543.4805,46.69,2.929,7.61,0.001101,1.073
"M589.4136T2801.06",589.4136,46.68,6.272,77.26,0.001199,1.073
"M216.2047T440.58",216.2047,7.34,2.244,4.74,4.019e-05,1.072
"M813.7248T2430.50",813.7248,40.51,5.582,47.89,0.0006377,1.072
"M1176.9060T2808.26",1176.906,46.8,4.571,23.76,0.00101,1.072
"M1440.0203T2508.72",1440.0203,41.81,4.418,21.37,0.001118,1.072
"M1501.0421T2477.34",1501.0421,41.29,4.507,22.75,0.001195,1.072
"M507.3381T2801.16",507.3381,46.69,5.883,59.03,0.001202,1.072
"M1490.9991T2463.57",1490.9991,41.06,3.211,9.26,0.001221,1.072
"M395.2739T2115.08",395.2739,35.25,1.743,3.35,3.184e-05,1.071
"M538.1501T1254.90",538.1501,20.92,5.163,35.83,8.408e-05,1.071
"M708.5069T2460.01",708.5069,41,2.278,4.85,0.0001708,1.071
"M1339.9537T2760.17",1339.9537,46,2.388,5.24,0.0001762,1.071
"M1414.0059T2492.87",1414.0059,41.55,4.989,31.77,0.0008533,1.071
"M225.1554T589.95",225.1554,9.83,3.337,10.11,0.001077,1.071
"M1384.9981T2497.58",1384.9981,41.63,3.193,9.15,0.001079,1.071
"M275.1274T2801.99",275.1274,46.7,7.783,220.28,0.001231,1.071
"M508.1370T1248.96",508.137,20.82,5.566,47.38,3.364e-05,1.07
"M243.1856T590.48",243.1856,9.84,0.859,1.81,5.891e-05,1.07
"M495.3256T1797.45",495.3256,29.96,1.326,2.51,9.559e-05,1.07
"M911.6565T2670.36",911.6565,44.51,5.503,45.35,0.0007578,1.07
"M1119.8675T2496.08",1119.8675,41.6,2.001,4,0.0009129,1.07
"M754.5224T2600.32",754.5224,43.34,5.46,44.02,0.001004,1.07
"M956.7176T2824.61",956.7176,47.08,6.884,118.14,0.001031,1.07
"M842.5912T2583.23",842.5912,43.05,3.907,15,0.001118,1.07
"M746.5896T2801.98",746.5896,46.7,5.718,52.62,0.001224,1.07
"M1426.9779T2440.03",1426.9779,40.67,5.087,33.99,0.001236,1.07
"M327.2972T2800.44",327.2972,46.67,4.981,31.58,0.001289,1.07
"M592.4328T2801.16",592.4328,46.69,5.543,46.62,0.001307,1.07
"M1489.9965T2463.63",1489.9965,41.06,4.003,16.04,0.001449,1.07
"M245.2167T2800.96",245.2167,46.68,0.841,1.79,2.702e-06,1.069
"M676.5192T2732.37",676.5192,45.54,0.931,1.91,4.047e-06,1.069
"M958.7407T2748.35",958.7407,45.81,2.489,5.61,3.837e-05,1.069
"M1566.4425T2601.63",1566.4425,43.36,6.024,65.08,7.494e-05,1.069
"M1510.8207T1906.22",1510.8207,31.77,3.665,12.69,0.0004056,1.069
"M927.7016T2736.21",927.7016,45.6,4.45,21.85,0.0006421,1.069
"M1597.1018T2521.91",1597.1018,42.03,5.436,43.29,0.0007951,1.069
"M678.5471T2734.26",678.5471,45.57,1.826,3.55,0.001114,1.069
"M1517.0088T2467.03",1517.0088,41.12,6.121,69.59,0.001152,1.069
"M1392.9970T2495.11",1392.997,41.59,4.799,27.84,0.001192,1.069
"M734.5478T2595.74",734.5478,43.26,8.366,329.89,0.001252,1.069
"M728.5579T2801.16",728.5579,46.69,5.875,58.7,0.001365,1.069
"M983.7639T2789.03",983.7639,46.48,4.19,18.25,0.0001646,1.068
"M227.1559T421.01",227.1559,7.02,1.252,2.38,0.0003331,1.068
"M769.5488T2625.39",769.5488,43.76,8.283,311.42,0.001184,1.068
"M710.4811T2387.86",710.4811,39.8,1.489,2.81,0.0001373,1.067
"M377.3438T1199.06",377.3438,19.98,6.134,70.21,0.0002196,1.067
"M646.2272T1880.11",646.2272,31.34,3.876,14.69,0.0003596,1.067
"M1518.0126T2467.05",1518.0126,41.12,5.025,32.57,0.001237,1.067
"M1442.9882T2449.92",1442.9882,40.83,4.744,26.8,0.00136,1.067
"M1562.0305T2592.52",1562.0305,43.21,5.85,57.66,0.0001046,1.066
"M1539.0332T2469.98",1539.0332,41.17,2.622,6.15,0.0003168,1.066
"M1429.5466T2553.79",1429.5466,42.56,3.682,12.83,0.001054,1.066
"M517.4609T2801.27",517.4609,46.69,1.899,3.73,0.001234,1.066
"M351.2891T2800.11",351.2891,46.67,2.742,6.69,0.001319,1.066
"M399.2453T2801.16",399.2453,46.69,9.17,576.14,0.001449,1.066
"M579.4282T2801.13",579.4282,46.69,0.793,1.73,2.075e-06,1.065
"M1442.1080T2816.54",1442.108,46.94,4.157,17.84,6.374e-05,1.065
"M1367.9465T2425.00",1367.9465,40.42,2.457,5.49,0.0004191,1.065
"M544.4841T2801.06",544.4841,46.68,2.977,7.87,0.00142,1.065
"M577.4158T2801.16",577.4158,46.69,0.87,1.83,9.22e-06,1.064
"M760.5834T2582.59",760.5834,43.04,1.367,2.58,0.0001229,1.064
"M164.1496T2725.37",164.1496,45.42,1.548,2.93,0.0001568,1.064
"M1509.0818T2576.20",1509.0818,42.94,7.308,158.43,0.0001627,1.064
"M1072.8321T2481.03",1072.8321,41.35,4.528,23.08,0.0001632,1.064
"M1427.9808T2440.52",1427.9808,40.68,3.792,13.85,0.001095,1.064
"M1493.0136T2471.43",1493.0136,41.19,3.757,13.52,0.00123,1.064
"M709.5636T2801.06",709.5636,46.68,2.483,5.59,0.001531,1.064
"M1468.0031T2464.43",1468.0031,41.07,4.336,20.19,0.001609,1.064
"M1466.9913T2447.91",1466.9913,40.8,4.08,16.92,0.001626,1.064
"M696.5652T2802.02",696.5652,46.7,0.875,1.83,8.179e-06,1.063
"M732.7132T1574.88",732.7132,26.25,4.484,22.38,9.516e-06,1.063
"M396.2765T2114.05",396.2765,35.23,1.62,3.07,1.628e-05,1.063
"M752.5526T2732.36",752.5526,45.54,3.362,10.28,3.149e-05,1.063
"M792.5982T2785.11",792.5982,46.42,1.659,3.16,0.0001244,1.063
"M861.7878T2433.16",861.7878,40.55,1.016,2.02,0.0001361,1.063
"M242.1853T589.75",242.1853,9.83,1.112,2.16,0.0001763,1.063
"M1477.8296T1906.58",1477.8296,31.78,4.605,24.34,0.0003522,1.063
"M1603.8965T1907.20",1603.8965,31.79,3.469,11.07,0.0004734,1.063
"M329.3508T1532.07",329.3508,25.53,6.914,120.61,0.0008092,1.063
"M482.3207T2035.85",482.3207,33.93,3.885,14.78,0.0008111,1.063
"M1131.8781T2535.29",1131.8781,42.25,4.94,30.7,0.001312,1.063
"M1384.0021T2499.10",1384.0021,41.65,4.263,19.2,0.001471,1.063
"M397.3731T2801.06",397.3731,46.68,5.005,32.11,0.001646,1.063
"M327.3699T1608.73",327.3699,26.81,6.35,81.59,0.001695,1.063
"M563.4101T2800.98",563.4101,46.68,0.84,1.79,2.698e-06,1.062
"M1197.8713T2453.50",1197.8713,40.89,2.302,4.93,0.0001057,1.062
"M133.0969T2798.36",133.0969,46.64,3.163,8.96,0.001161,1.062
"M843.6036T2583.03",843.6036,43.05,2.639,6.23,0.001167,1.062
"M784.5475T2632.31",784.5475,43.87,6.302,78.91,0.001487,1.062
"M744.5455T2584.26",744.5455,43.07,10.289,1250.73,0.001529,1.062
"M287.2669T2800.44",287.2669,46.67,6.386,83.66,0.001675,1.062
"M523.3687T2801.16",523.3687,46.69,6.165,71.74,0.001719,1.062
"M793.6008T2785.32",793.6008,46.42,1.598,3.03,0.0002242,1.061
"M1457.0153T2476.55",1457.0153,41.28,4.059,16.67,0.001568,1.061
"M707.4875T2424.85",707.4875,40.41,2.24,4.72,0.001906,1.061
"M329.3033T2801.19",329.3033,46.69,0.782,1.72,2.681e-06,1.06
"M731.7070T1574.88",731.707,26.25,3.844,14.36,7.742e-06,1.06
"M1416.5340T2540.21",1416.534,42.34,3.482,11.18,0.001528,1.06
"M1372.6746T2499.04",1372.6746,41.65,4.608,24.38,0.0001782,1.059
"M592.2482T1944.47",592.2482,32.41,3.002,8.01,0.0002691,1.059
"M1315.3494T2928.38",1315.3494,48.81,2.607,6.09,0.0004056,1.059
"M1478.0170T2468.02",1478.017,41.13,2.786,6.89,0.0004101,1.059
"M477.2741T1894.09",477.2741,31.57,3.382,10.42,0.000953,1.059
"M776.5488T2535.23",776.5488,42.25,2.712,6.55,0.001579,1.059
"M931.6914T2711.51",931.6914,45.19,6.89,118.61,0.001107,1.058
"M1438.9836T2434.42",1438.9836,40.57,2.814,7.03,0.001857,1.058
"M286.2553T2800.98",286.2553,46.68,3.183,9.08,0.0004505,1.057
"M1602.0760T2477.20",1602.076,41.29,3.07,8.4,0.0005275,1.057
"M741.4532T2408.73",741.4532,40.15,4.684,25.71,0.001414,1.057
"M652.5568T2459.52",652.5568,40.99,1.91,3.76,0.001491,1.057
"M1516.0118T2467.05",1516.0118,41.12,6.158,71.39,0.001722,1.057
"M265.1365T2801.23",265.1365,46.69,5.649,50.18,0.001821,1.057
"M727.5511T2801.16",727.5511,46.69,6.1,68.6,0.001963,1.057
"M813.6428T2856.01",813.6428,47.6,7.774,218.85,0.002001,1.057
"M794.5746T2578.33",794.5746,42.97,5.152,35.56,0.002018,1.057
"M1185.9225T2610.32",1185.9225,43.51,3.748,13.44,0.0001559,1.056
"M988.7348T2754.96",988.7348,45.92,4.226,18.71,0.001094,1.056
"M770.4988T2469.53",770.4988,41.16,3.749,13.45,0.001895,1.056
"M745.5841T2801.34",745.5841,46.69,6.107,68.91,0.002051,1.056
"M1064.3137T2233.53",1064.3137,37.23,7.575,190.73,0.0003455,1.055
"M1444.1239T2826.31",1444.1239,47.11,5.828,56.8,0.001596,1.055
"M1142.8760T2517.28",1142.876,41.95,4.642,24.96,0.001666,1.055
"M604.4332T2801.16",604.4332,46.69,7.19,146.04,0.002063,1.055
"M1368.9514T2424.80",1368.9514,40.41,3.369,10.33,0.0003894,1.054
"M1223.8779T2469.99",1223.8779,41.17,5.432,43.17,0.001242,1.054
"M1568.0620T2492.09",1568.062,41.53,6.461,88.08,0.001942,1.054
"M1085.8400T2468.65",1085.84,41.14,5.664,50.69,0.00217,1.054
"M1069.8974T2430.83",1069.8974,40.51,4.228,18.74,0.0002115,1.053
"M314.3586T1600.43",314.3586,26.67,7.759,216.55,0.0005014,1.053
"M1066.8975T2805.22",1066.8975,46.75,5.37,41.37,0.001651,1.053
"M1499.8076T1908.93",1499.8076,31.82,3.944,15.39,0.001696,1.053
"M632.2104T1808.05",632.2104,30.13,5.106,34.43,0.002018,1.053
"M1464.9977T2447.86",1464.9977,40.8,4.016,16.18,0.002415,1.053
"M754.4821T2433.85",754.4821,40.56,1.959,3.89,6.695e-05,1.052
"M1318.8952T2820.35",1318.8952,47.01,5.262,38.38,1.941e-06,1.051
"M161.1206T2725.28",161.1206,45.42,1.232,2.35,1.141e-05,1.051
"M476.8665T357.08",476.8665,5.95,2.342,5.07,0.0001228,1.051
"M1582.0777T2509.59",1582.0777,41.83,6.278,77.59,0.0003202,1.051
"M1503.0210T2472.55",1503.021,41.21,1.869,3.65,0.001933,1.051
"M1445.0201T2554.00",1445.0201,42.57,4.887,29.59,0.001975,1.051
"M355.2812T2114.02",355.2812,35.23,1.666,3.17,6.016e-06,1.05
"M270.1556T393.08",270.1556,6.55,1.346,2.54,6.051e-05,1.05
"M579.5212T2726.48",579.5212,45.44,0.659,1.58,0.001752,1.05
"M166.1599T2803.80",166.1599,46.73,2.444,5.44,0.002029,1.05
"M744.5871T2801.44",744.5871,46.69,6.134,70.25,0.00239,1.05
"M217.1879T2725.37",217.1879,45.42,1.133,2.19,3.137e-05,1.049
"M1178.9192T2812.10",1178.9192,46.87,4.056,16.63,0.001833,1.049
"M761.5274T2506.48",761.5274,41.77,5.409,42.48,0.002179,1.049
"M590.5107T2559.27",590.5107,42.65,7.405,169.43,0.002198,1.049
"M590.5087T2507.60",590.5087,41.79,6.543,93.24,0.002359,1.049
"M535.3679T2801.06",535.3679,46.68,7.03,130.65,0.002458,1.049
"M209.1267T422.07",209.1267,7.03,0.905,1.87,0.0002347,1.048
"M1538.0998T2611.12",1538.0998,43.52,7.15,141.99,0.0006818,1.048
"M963.7691T2845.57",963.7691,47.43,4.772,27.31,0.002044,1.048
"M266.2818T1653.06",266.2818,27.55,9.988,1015.26,0.002206,1.048
"M378.3468T1573.75",378.3468,26.23,6.363,82.3,0.002229,1.048
"M306.7398T2102.25",306.7398,35.04,2.166,4.49,6.258e-05,1.047
"M653.5471T2792.28",653.5471,46.54,4.668,25.43,0.001518,1.047
"M1397.0278T2536.12",1397.0278,42.27,5.651,50.26,0.001865,1.047
"M1410.0287T2534.98",1410.0287,42.25,7.588,192.36,0.002233,1.047
"M1425.0098T2490.80",1425.0098,41.51,4.326,20.06,0.0025,1.047
"M205.1897T2800.44",205.1897,46.67,4.45,21.85,0.002556,1.047
"M565.2307T1808.02",565.2307,30.13,5.528,46.15,0.0007136,1.046
"M382.3705T1505.14",382.3705,25.09,5.598,48.45,0.002266,1.046
"M749.5356T2803.58",749.5356,46.73,4.96,31.13,0.002526,1.046
"M1340.9860T2756.91",1340.986,45.95,3.068,8.39,0.0006821,1.045
"M163.1440T2800.78",163.144,46.68,3.292,9.8,0.002747,1.045
"M1406.2431T2796.25",1406.2431,46.6,3.783,13.77,1.361e-05,1.044
"M564.4278T2801.14",564.4278,46.69,0.769,1.7,3.207e-05,1.044
"M195.0001T2648.82",195.0001,44.15,1.477,2.78,7.271e-05,1.044
"M202.1649T2800.92",202.1649,46.68,2.7,6.5,0.001719,1.044
"M1396.0244T2535.14",1396.0244,42.25,5.599,48.47,0.002083,1.044
"M1522.8115T1909.16",1522.8115,31.82,3.749,13.45,0.0009095,1.043
"M755.5286T2601.08",755.5286,43.35,4.905,29.96,0.001895,1.043
"M1415.0108T2493.11",1415.0108,41.55,3.909,15.02,0.002118,1.043
"M1383.0104T2500.61",1383.0104,41.68,5.567,47.41,0.002575,1.043
"M468.3106T2800.93",468.3106,46.68,7.219,148.98,0.002805,1.043
"M463.4211T2800.44",463.4211,46.67,2.734,6.65,0.002914,1.043
"M932.6447T2672.34",932.6447,44.54,4.476,22.26,0.0004692,1.041
"M1484.9672T2425.96",1484.9672,40.43,1.529,2.89,0.001458,1.041
"M641.5188T2733.62",641.5188,45.56,1.332,2.52,0.001604,1.041
"M1177.9063T2808.76",1177.9063,46.81,4.532,23.13,0.002764,1.041
"M522.4494T2388.24",522.4494,39.8,3.234,9.41,0.002826,1.041
"M792.5628T2533.29",792.5628,42.22,5.171,36.02,0.002853,1.041
"M273.2514T2800.33",273.2514,46.67,6.197,73.38,0.002906,1.041
"M458.8570T356.71",458.857,5.95,2.588,6.01,0.0005623,1.04
"M264.2660T1554.25",264.266,25.9,8.637,398.12,0.002154,1.04
"M1412.9756T2422.92",1412.9756,40.38,3.393,10.51,0.002563,1.04
"M610.5311T2657.40",610.5311,44.29,1.914,3.77,2.987e-06,1.039
"M1477.1165T2807.02",1477.1165,46.78,6.908,120.07,3.888e-06,1.039
"M163.0756T1581.73",163.0756,26.36,1.583,3,1.163e-05,1.039
"M607.5476T2575.82",607.5476,42.93,1.578,2.99,0.0003076,1.039
"M757.4903T2480.07",757.4903,41.33,2.073,4.21,0.00278,1.039
"M441.2937T2801.06",441.2937,46.68,6.527,92.2,0.003103,1.039
"M501.4216T1557.81",501.4216,25.96,6.905,119.88,0.003179,1.039
"M740.5979T2179.13",740.5979,36.32,1.849,3.6,2.516e-05,1.038
"M1070.3109T2223.05",1070.3109,37.05,5.55,46.86,3.743e-05,1.038
"M293.2993T1707.38",293.2993,28.46,1.1,2.14,0.0009887,1.038
"M844.7789T2984.11",844.7789,49.74,4.616,24.52,0.002651,1.038
"M1445.4835T2822.08",1445.4835,47.03,3.399,10.55,1.167e-05,1.037
"M1201.9128T2466.48",1201.9128,41.11,1.1,2.14,0.0005452,1.037
"M255.1625T449.72",255.1625,7.5,1.168,2.25,0.001013,1.037
"M906.7034T2799.92",906.7034,46.67,5.611,48.87,0.00142,1.037
"M1246.9524T2445.61",1246.9524,40.76,3.074,8.42,0.001719,1.037
"M437.2789T1901.57",437.2789,31.69,2.101,4.29,0.002036,1.037
"M828.6701T2803.37",828.6701,46.72,3.757,13.52,0.003311,1.037
"M1443.9917T2449.92",1443.9917,40.83,4.026,16.29,0.003443,1.037
"M783.5114T2461.96",783.5114,41.03,2.66,6.32,0.003591,1.037
"M1465.9855T2446.94",1465.9855,40.78,4.095,17.09,0.003721,1.037
"M714.5824T2790.28",714.5824,46.5,1.989,3.97,7.572e-05,1.036
"M364.9187T357.32",364.9187,5.96,2.584,5.99,0.0001257,1.036
"M1364.9662T2460.00",1364.9662,41,4.494,22.54,0.0007263,1.036
"M1411.9706T2421.85",1411.9706,40.36,2.453,5.47,0.003311,1.036
"M584.5098T2639.36",584.5098,43.99,1.364,2.57,5.486e-06,1.035
"M1531.6303T2826.52",1531.6303,47.11,3.708,13.07,4.897e-05,1.035
"M908.7224T2812.40",908.7224,46.87,0.818,1.76,0.0002691,1.035
"M471.4476T2472.00",471.4476,41.2,1.139,2.2,0.002295,1.035
"M801.6210T2805.56",801.621,46.76,5.297,39.3,0.002598,1.035
"M435.3841T2800.34",435.3841,46.67,3.999,15.99,0.003414,1.035
"M467.3070T2801.06",467.307,46.68,6.311,79.39,0.00344,1.035
"M341.2139T2801.71",341.2139,46.7,3.341,10.14,0.0005916,1.034
"M809.5724T2736.13",809.5724,45.6,5.113,34.61,0.002139,1.034
"M1410.0546T2795.68",1410.0546,46.59,6.513,91.32,0.002755,1.034
"M1064.8840T2804.79",1064.884,46.75,4.666,25.38,0.002765,1.034
"M1133.8723T2533.09",1133.8723,42.22,4.847,28.78,0.002935,1.034
"M739.5998T2178.23",739.5998,36.3,1.948,3.86,4.615e-05,1.033
"M696.2559T2499.66",696.2559,41.66,1.967,3.91,0.0004692,1.033
"M254.1604T449.72",254.1604,7.5,1.188,2.28,0.001183,1.033
"M1305.9868T2854.45",1305.9868,47.57,3.217,9.3,0.001652,1.033
"M1425.9713T2419.91",1425.9713,40.33,6.073,67.34,0.003189,1.033
"M423.3924T2727.61",423.3924,45.46,0.779,1.72,0.0002691,1.032
"M1172.6108T1907.80",1172.6108,31.8,1.948,3.86,0.0002786,1.032
"M982.5813T1939.25",982.5813,32.32,5.923,60.68,0.000553,1.032
"M1418.0977T2808.90",1418.0977,46.82,3.702,13.01,0.0006518,1.032
"M776.7131T2951.04",776.7131,49.18,2.956,7.76,0.002756,1.032
"M469.3194T2801.16",469.3194,46.69,5.705,52.15,0.003664,1.032
"M618.4486T2801.13",618.4486,46.69,3.262,9.6,0.003973,1.032
"M1200.9188T2466.07",1200.9188,41.1,0.946,1.93,8.882e-05,1.031
"M226.1542T421.11",226.1542,7.02,0.941,1.92,0.0006248,1.03
"M729.7792T2579.20",729.7792,42.99,4.417,21.36,0.0007549,1.03
"M660.2423T1943.95",660.2423,32.4,3.952,15.47,0.001535,1.03
"M1278.7064T1902.93",1278.7064,31.72,4.113,17.31,0.00233,1.03
"M523.3543T1938.59",523.3543,32.31,1.273,2.42,0.002563,1.03
"M1457.0328T2550.85",1457.0328,42.51,5.289,39.1,0.002905,1.03
"M970.7605T2741.28",970.7605,45.69,1.213,2.32,0.0004225,1.029
"M686.9074T2498.07",686.9074,41.63,2.518,5.73,0.002742,1.029
"M1507.0223T2469.07",1507.0223,41.15,2.524,5.75,0.00333,1.029
"M771.5007T2470.07",771.5007,41.17,4.177,18.09,0.004241,1.029
"M346.9082T356.99",346.9082,5.95,2.142,4.41,0.0002059,1.028
"M1502.0257T2466.86",1502.0257,41.11,1.452,2.74,0.0002692,1.028
"M1331.3714T2823.13",1331.3714,47.05,6.037,65.65,0.0007986,1.028
"M328.8985T356.92",328.8985,5.95,2.632,6.2,0.000897,1.028
"M1478.8220T1908.21",1478.822,31.8,4.182,18.15,0.002216,1.028
"M699.6524T2845.45",699.6524,47.42,1.648,3.13,0.002441,1.028
"M909.7258T2812.47",909.7258,46.87,0.763,1.7,0.0003213,1.027
"M1417.0942T2809.30",1417.0942,46.82,5.884,59.07,0.001253,1.027
"M270.1838T608.02",270.1838,10.13,0.628,1.55,0.001342,1.027
"M1441.0280T2508.16",1441.028,41.8,4.183,18.16,0.003643,1.027
"M1404.9938T2496.02",1404.9938,41.6,2.912,7.53,0.003803,1.027
"M1482.0280T2475.78",1482.028,41.26,6.079,67.6,0.004218,1.026
"M595.5711T2714.71",595.5711,45.25,1.019,2.03,5.823e-05,1.025
"M1462.9995T2443.28",1462.9995,40.72,2.625,6.17,0.0006004,1.024
"M294.3101T1815.29",294.3101,30.25,1.076,2.11,0.00125,1.024
"M974.1010T2836.79",974.101,47.28,5.948,61.75,0.00291,1.024
"M1245.9501T2446.03",1245.9501,40.77,3.741,13.37,0.00371,1.024
"M775.5436T2535.19",775.5436,42.25,5.244,37.91,0.003875,1.024
"M980.6331T2845.32",980.6331,47.42,3.256,9.55,0.001586,1.023
"M1409.0531T2795.68",1409.0531,46.59,5.347,40.71,0.003365,1.023
"M1387.4970T2499.09",1387.497,41.65,2.944,7.69,0.0001021,1.021
"M479.1940T2048.98",479.194,34.15,2.812,7.02,0.0003787,1.021
"M1599.0634T2465.69",1599.0634,41.09,4.276,19.38,0.004102,1.021
"M256.1755T489.21",256.1755,8.15,1.446,2.72,0.0009487,1.02
"M1539.5626T2843.52",1539.5626,47.39,2.92,7.57,0.002774,1.02
"M1399.0297T2537.47",1399.0297,42.29,5.303,39.48,0.003475,1.02
"M735.5236T2480.56",735.5236,41.34,4.239,18.88,0.005035,1.02
"M1598.8720T1911.21",1598.872,31.85,3.681,12.82,0.001449,1.019
"M1444.9971T2449.39",1444.9971,40.82,3.463,11.03,0.004863,1.019
"M952.6087T2812.09",952.6087,46.87,2.745,6.7,0.0001996,1.018
"M1497.9664T2426.87",1497.9664,40.45,1.753,3.37,0.001205,1.017
"M1454.0468T2525.37",1454.0468,42.09,4.279,19.41,0.00482,1.017
"M1407.0387T2794.84",1407.0387,46.58,5.468,44.27,0.003969,1.016
"M426.3838T2381.22",426.3838,39.69,1.676,3.2,0.003266,1.014
"M1498.0558T2514.59",1498.0558,41.91,3.294,9.81,0.00455,1.013
"M617.5324T2567.54",617.5324,42.79,4.445,21.78,0.005098,1.013
"M1476.8147T1908.95",1476.8147,31.82,4.796,27.78,0.001385,1.012
"M1408.0448T2795.26",1408.0448,46.59,5.448,43.66,0.004277,1.012
"M683.5919T2845.91",683.5919,47.43,2.547,5.84,4.736e-05,1.01
"M1519.0314T2467.66",1519.0314,41.13,3.52,11.47,0.004835,1.01
"M1202.9175T2466.99",1202.9175,41.12,4.1,17.15,0.0004176,1.009
"M195.1108T451.89",195.1108,7.53,0.644,1.56,0.0004535,1.009
"M1209.2461T2394.85",1209.2461,39.91,1.895,3.72,7.615e-06,1.008
"M382.2981T2179.26",382.2981,36.32,1.099,2.14,3.105e-05,1.008
"M240.2608T1686.36",240.2608,28.11,3.595,12.08,0.0007204,1.007
"M256.1755T515.21",256.1755,8.59,1.59,3.01,0.0008839,1.007
"M1268.9179T2442.88",1268.9179,40.71,3.653,12.58,0.001153,1.007
"M381.2956T2178.93",381.2956,36.32,1.09,2.13,3.223e-05,1.006
"M265.2375T363.86",265.2375,6.06,3.408,10.61,0.0003962,1.006
"M1522.0353T2467.66",1522.0353,41.13,2.451,5.47,0.001395,1.006
"M1566.9510T2602.41",1566.951,43.37,5.447,43.63,0.003229,1.006
"M1256.7158T1903.70",1256.7158,31.73,3.348,10.18,0.006667,1.006
"M617.5069T2694.67",617.5069,44.91,0.736,1.67,0.0001107,1.005
"M626.5538T2430.14",626.5538,40.5,2.401,5.28,0.0004732,1.005
"M1289.4646T2827.36",1289.4646,47.12,6.021,64.92,0.001025,1.005
"M618.5144T2694.86",618.5144,44.91,0.815,1.76,0.001521,1.005
"M1155.2749T2614.33",1155.2749,43.57,4.466,22.1,0.001656,1.005
"M1518.5840T2838.36",1518.584,47.31,2.628,6.18,0.002834,1.005
"M1304.9808T2854.69",1304.9808,47.58,4.212,18.54,0.003379,1.005
"M1187.2223T2379.95",1187.2223,39.67,2.653,6.29,0.0002539,1.004
"M1577.9319T2602.23",1577.9319,43.37,3.78,13.74,0.0008092,1.004
"M640.5626T2733.62",640.5626,45.56,0.615,1.53,0.002879,1.004
"M1426.0120T2491.05",1426.012,41.52,4.63,24.76,0.006142,1.004
"M964.7041T2681.86",964.7041,44.7,5.709,52.3,6.288e-07,1.003
"M774.5843T2806.98",774.5843,46.78,4.272,19.32,0.003201,1.003
"M1522.0508T2515.13",1522.0508,41.92,3.12,8.7,0.001655,1.002
"M807.5712T2571.31",807.5712,42.86,3.305,9.89,0.001743,1.002
"M522.3513T1938.59",522.3513,32.31,0.884,1.85,0.002603,1.002
"M755.5273T2487.07",755.5273,41.45,2.382,5.21,0.004403,1.002
"M413.2551T2801.88",413.2551,46.7,2.983,7.91,0.006811,1.002
"M498.2556T1890.69",498.2556,31.51,3.184,9.09,0.002419,1.001
"M244.2093T455.72",244.2093,7.6,3.295,9.82,0.003779,1.001
"M1159.8066T2933.20",1159.8066,48.89,4.755,27.01,0.004744,1
"M544.3325T1939.27",544.3325,32.32,1.479,2.79,0.002557,0.999
"M1306.9849T2856.19",1306.9849,47.6,3.764,13.58,0.003413,0.999
"M442.2969T2801.06",442.2969,46.68,6.187,72.83,0.006743,0.999
"M294.2961T1706.53",294.2961,28.44,1.725,3.31,0.001208,0.998
"M1398.0299T2536.14",1398.0299,42.27,6.262,76.76,0.005566,0.998
"M1307.3374T2930.48",1307.3374,48.84,3.871,14.63,0.005589,0.998
"M953.6036T2818.23",953.6036,46.97,3.167,8.98,0.0007042,0.997
"M248.1352T421.83",248.1352,7.03,0.974,1.96,0.0009487,0.997
"M256.1674T447.20",256.1674,7.45,1.011,2.01,0.001374,0.997
"M1472.0341T2480.07",1472.0341,41.33,4.688,25.78,0.002556,0.997
"M1327.3840T2829.53",1327.384,47.16,4.046,16.52,0.002887,0.997
"M1500.8025T1908.67",1500.8025,31.81,4.415,21.33,0.003892,0.997
"M1065.8855T2805.04",1065.8855,46.75,4.793,27.72,0.006037,0.997
"M1175.9018T2808.39",1175.9018,46.81,5.287,39.04,0.006582,0.997
"M951.5280T1895.35",951.528,31.59,3.192,9.14,0.0002828,0.996
"M482.3239T1937.94",482.3239,32.3,5.94,61.38,0.00472,0.995
"M1411.9904T2819.11",1411.9904,46.99,3.83,14.22,0.003444,0.994
"M1332.3625T2824.32",1332.3625,47.07,4.371,20.69,0.004281,0.993
"M1320.0248T2863.26",1320.0248,47.72,2.841,7.16,0.0002444,0.992
"M1427.0141T2491.09",1427.0141,41.52,4.348,20.36,0.007143,0.992
"M359.3118T2178.82",359.3118,36.31,1.19,2.28,2.006e-05,0.991
"M755.2316T2802.41",755.2316,46.71,2.76,6.77,0.001406,0.991
"M1419.0047T2515.15",1419.0047,41.92,2.837,7.15,0.002865,0.991
"M661.5096T2732.53",661.5096,45.54,1.357,2.56,0.00725,0.991
"M1495.0267T2764.76",1495.0267,46.08,4.965,31.23,0.0007516,0.99
"M1300.7073T1902.39",1300.7073,31.71,4.257,19.12,0.007272,0.99
"M438.7655T611.04",438.7655,10.18,1.557,2.94,0.006615,0.989
"M286.2865T2170.71",286.2865,36.18,0.723,1.65,0.0003417,0.988
"M1411.9904T2785.86",1411.9904,46.43,3.686,12.87,0.005235,0.988
"M409.3710T2800.44",409.371,46.67,5.386,41.82,0.008004,0.988
"M767.6663T2869.53",767.6663,47.83,1.708,3.27,0.004035,0.987
"M617.5422T2612.58",617.5422,43.54,2.151,4.44,0.006584,0.987
"M1233.7355T1904.71",1233.7355,31.75,3.869,14.62,0.007066,0.987
"M1431.0162T2528.45",1431.0162,42.14,2.917,7.55,0.007256,0.987
"M215.1661T2800.73",215.1661,46.68,0.861,1.82,0.002496,0.986
"M625.5380T2430.84",625.538,40.51,4.389,20.95,0.003762,0.986
"M1299.3277T2826.04",1299.3277,47.1,4.708,26.13,0.003892,0.986
"M1582.8912T1906.22",1582.8912,31.77,3.342,10.14,0.00603,0.986
"M763.4429T2406.92",763.4429,40.12,1.865,3.64,3.738e-07,0.984
"M932.8585T2693.85",932.8585,44.9,1.346,2.54,0.001365,0.984
"M422.3705T2800.06",422.3705,46.67,1.916,3.77,0.008288,0.984
"M417.3194T1277.17",417.3194,21.29,1.511,2.85,0.002554,0.983
"M1536.0472T2854.32",1536.0472,47.57,2.677,6.4,0.006017,0.983
"M1300.8337T2926.17",1300.8337,48.77,3.087,8.5,0.006331,0.983
"M954.6013T2820.11",954.6013,47,3.048,8.27,0.001471,0.982
"M990.7286T2694.57",990.7286,44.91,6.028,65.26,0.005683,0.982
"M1402.5244T2536.47",1402.5244,42.27,5.733,53.18,0.007291,0.982
"M768.5441T2626.04",768.5441,43.77,7.88,235.49,0.009691,0.982
"M267.2652T2179.35",267.2652,36.32,1.178,2.26,9.474e-05,0.981
"M1480.8114T1907.22",1480.8114,31.79,5.004,32.09,0.006177,0.981
"M1537.0584T2857.10",1537.0584,47.62,2.871,7.31,0.006842,0.981
"M341.3018T2179.25",341.3018,36.32,1.153,2.22,6.045e-05,0.98
"M241.7049T773.76",241.7049,12.9,1.106,2.15,0.001817,0.98
"M1452.7759T1902.65",1452.7759,31.71,4.532,23.13,0.005129,0.98
"M543.4723T2726.00",543.4723,45.43,3.759,13.54,0.007748,0.98
"M1540.5649T2843.97",1540.5649,47.4,3.81,14.03,0.001801,0.979
"M1300.3446T2824.51",1300.3446,47.08,2.757,6.76,0.002947,0.979
"M1298.3244T2826.31",1298.3244,47.11,5.757,54.09,0.005234,0.979
"M1417.0059T2494.66",1417.0059,41.58,2.177,4.52,0.001431,0.977
"M1043.9468T2609.07",1043.9468,43.48,2.828,7.1,0.002182,0.977
"M521.4460T2388.65",521.446,39.81,2.92,7.57,0.01062,0.977
"M1065.0738T2231.90",1065.0738,37.2,3.374,10.37,0.0001037,0.976
"M1320.0398T2614.45",1320.0398,43.57,6.351,81.63,0.0003193,0.976
"M297.0839T1305.06",297.0839,21.75,1.971,3.92,0.0091,0.976
"M1524.8221T1915.87",1524.8221,31.93,5.02,32.44,0.0008372,0.975
"M966.0999T2822.11",966.0999,47.04,3.672,12.74,0.004385,0.975
"M1086.8412T2467.56",1086.8412,41.13,3.974,15.71,0.01034,0.975
"M797.6192T2732.11",797.6192,45.54,1.937,3.83,0.001593,0.974
"M439.3647T2413.98",439.3647,40.23,0.91,1.88,0.0006881,0.972
"M1323.9252T2426.84",1323.9252,40.45,2.393,5.25,0.003004,0.972
"M969.1128T2827.33",969.1128,47.12,2.76,6.78,0.004951,0.972
"M1386.4966T2497.71",1386.4966,41.63,2.312,4.97,0.006689,0.972
"M1517.6053T2830.07",1517.6053,47.17,5.836,57.14,0.001586,0.971
"M1413.9760T2422.78",1413.976,40.38,3.728,13.25,0.006633,0.971
"M1411.0266T2536.13",1411.0266,42.27,7.2,147.03,0.00926,0.971
"M231.0355T2661.23",231.0355,44.35,1.94,3.84,5.208e-06,0.97
"M1520.8051T1909.23",1520.8051,31.82,3.45,10.93,0.004856,0.97
"M342.3055T2179.12",342.3055,36.32,1.087,2.12,0.0001082,0.969
"M1173.6201T1907.93",1173.6201,31.8,2.143,4.42,0.003981,0.968
"M1498.8022T1908.67",1498.8022,31.81,3.638,12.45,0.01011,0.968
"M748.5314T2470.67",748.5314,41.18,4.336,20.2,0.01219,0.968
"M397.2929T1825.72",397.2929,30.43,0.665,1.59,0.0003976,0.966
"M493.2080T2121.39",493.208,35.36,3.428,10.76,0.00123,0.966
"M1421.0250T2449.82",1421.025,40.83,1.999,4,0.008504,0.966
"M1418.0082T2513.73",1418.0082,41.9,2.378,5.2,0.0103,0.966
"M938.7532T2837.36",938.7532,47.29,2.952,7.74,0.0006984,0.965
"M1419.0779T2803.41",1419.0779,46.72,2.75,6.73,0.002173,0.965
"M611.5356T2656.73",611.5356,44.28,1.406,2.65,0.005313,0.965
"M385.2929T2092.01",385.2929,34.87,0.621,1.54,0.0007036,0.964
"M602.0732T1924.51",602.0732,32.08,0.848,1.8,0.001975,0.964
"M1521.8020T1906.93",1521.802,31.78,3.586,12.01,0.009529,0.964
"M585.4696T2708.77",585.4696,45.15,1.732,3.32,0.01336,0.964
"M1280.8300T2822.30",1280.83,47.04,2.75,6.73,0.0002181,0.961
"M914.2912T1225.06",914.2912,20.42,3.616,12.26,0.003266,0.961
"M508.6665T1212.03",508.6665,20.2,4.628,24.73,0.006304,0.961
"M697.1350T2501.14",697.135,41.69,1.717,3.29,0.001772,0.96
"M421.3592T2800.11",421.3592,46.67,1.086,2.12,0.01201,0.96
"M1455.4378T2824.97",1455.4378,47.08,3.371,10.35,0.0037,0.959
"M1497.0520T2496.48",1497.052,41.61,1.733,3.32,0.007324,0.959
"M1397.4815T2496.67",1397.4815,41.61,1.11,2.16,0.007625,0.959
"M1400.0342T2537.47",1400.0342,42.29,3.45,10.93,0.009107,0.959
"M296.3275T1538.33",296.3275,25.64,4.555,23.51,0.01492,0.958
"M993.0701T1939.30",993.0701,32.32,3.232,9.39,0.0005524,0.957
"M1467.0755T2593.04",1467.0755,43.22,8.988,507.67,0.01114,0.957
"M975.1003T2802.34",975.1003,46.71,2.787,6.9,0.0009029,0.956
"M1375.0187T2846.01",1375.0187,47.43,1.025,2.04,0.002593,0.956
"M149.0223T1686.72",149.0223,28.11,0.945,1.92,0.005476,0.956
"M978.1045T2826.92",978.1045,47.12,3.365,10.3,0.007037,0.956
"M1235.7461T1904.22",1235.7461,31.74,2.774,6.84,0.00724,0.956
"M1520.0253T2469.02",1520.0253,41.15,1.794,3.47,0.007347,0.956
"M1496.0156T2764.77",1496.0156,46.08,5.436,43.3,0.000513,0.955
"M1360.9732T2773.98",1360.9732,46.23,0.935,1.91,0.001497,0.955
"M313.2857T2800.62",313.2857,46.68,3.404,10.59,0.002335,0.955
"M1180.2866T2826.25",1180.2866,47.1,3.329,10.05,0.008706,0.955
"M741.6026T2180.46",741.6026,36.34,2.901,7.47,0.01616,0.955
"M1365.9537T2837.67",1365.9537,47.29,1.992,3.98,0.008466,0.954
"M1289.7072T1899.37",1289.7072,31.66,3.564,11.83,0.008655,0.954
"M1555.0764T2844.04",1555.0764,47.4,3.323,10.01,0.009567,0.954
"M1211.8119T2582.15",1211.8119,43.04,0.819,1.76,0.001527,0.953
"M1515.2225T2927.38",1515.2225,48.79,1.905,3.75,0.004206,0.953
"M1334.0073T2867.27",1334.0073,47.79,3.642,12.48,0.006331,0.953
"M1147.2969T2928.19",1147.2969,48.8,2.932,7.63,0.007573,0.953
"M1513.0769T2606.22",1513.0769,43.44,6.721,105.49,0.01143,0.953
"M739.9928T1957.61",739.9928,32.63,0.939,1.92,0.001029,0.952
"M762.0018T1952.77",762.0018,32.55,0.966,1.95,0.00311,0.952
"M1488.8147T1908.87",1488.8147,31.81,4.045,16.5,0.01038,0.952
"M717.9823T1961.38",717.9823,32.69,0.97,1.96,0.001738,0.951
"M1230.8005T2574.97",1230.8005,42.92,0.797,1.74,0.00367,0.951
"M990.0834T2827.14",990.0834,47.12,2.284,4.87,0.009939,0.951
"M1319.0137T2864.24",1319.0137,47.74,3.102,8.59,0.001186,0.95
"M1245.4576T2832.24",1245.4576,47.2,3.612,12.23,0.003004,0.95
"M1488.0191T2438.45",1488.0191,40.64,2.091,4.26,0.003603,0.95
"M964.5984T2817.38",964.5984,46.96,4.536,23.2,0.007643,0.949
"M1504.0175T2475.11",1504.0175,41.25,1.285,2.44,0.01757,0.949
"M1080.7003T2894.79",1080.7003,48.25,1.527,2.88,0.0006933,0.948
"M908.5690T1900.65",908.569,31.68,5.538,46.47,0.0143,0.948
"M1506.0184T2471.19",1506.0184,41.19,1.924,3.8,0.01523,0.948
"M1333.0249T2613.28",1333.0249,43.55,4.365,20.61,0.0001257,0.947
"M1234.7415T1905.57",1234.7415,31.76,3.918,15.12,0.01494,0.947
"M470.4124T2324.38",470.4124,38.74,1.714,3.28,0.008576,0.946
"M1402.9927T2859.71",1402.9927,47.66,1.723,3.3,0.01083,0.946
"M1455.0546T2525.25",1455.0546,42.09,5.339,40.46,0.01434,0.946
"M1423.4955T2423.80",1423.4955,40.4,1.912,3.76,0.01639,0.946
"M150.0255T1686.84",150.0255,28.11,0.908,1.88,0.00594,0.945
"M205.0840T1687.45",205.084,28.12,0.969,1.96,0.008413,0.945
"M1255.7177T1903.07",1255.7177,31.72,4.27,19.3,0.01523,0.945
"M1367.9689T2846.04",1367.9689,47.43,2.667,6.35,0.01163,0.944
"M1502.8238T1909.47",1502.8238,31.82,3.283,9.73,0.005649,0.943
"M1181.2765T2827.06",1181.2765,47.12,3.336,10.1,0.008915,0.943
"M1512.0665T2601.08",1512.0665,43.35,7.575,190.71,0.01291,0.943
"M615.4873T2659.13",615.4873,44.32,1.309,2.48,1.624e-05,0.942
"M956.7185T2722.84",956.7185,45.38,7.863,232.75,4.533e-05,0.942
"M1290.1462T2828.04",1290.1462,47.13,4.59,24.09,7.598e-05,0.942
"M1210.8027T2582.37",1210.8027,43.04,0.786,1.72,0.002085,0.942
"M486.2700T590.76",486.27,9.85,0.908,1.88,0.002104,0.942
"M1015.8391T2634.18",1015.8391,43.9,0.731,1.66,0.0008917,0.941
"M783.5152T1948.94",783.5152,32.48,0.853,1.81,0.002845,0.941
"M959.1090T2851.18",959.109,47.52,3.693,12.94,0.004884,0.941
"M1451.0177T2439.95",1451.0177,40.67,3,8,0.005546,0.941
"M242.2788T1781.04",242.2788,29.68,1.762,3.39,0.01499,0.941
"M616.4913T2658.63",616.4913,44.31,1.256,2.39,3.858e-06,0.939
"M547.4857T2727.13",547.4857,45.45,0.714,1.64,0.001182,0.939
"M1422.4852T2820.29",1422.4852,47,4.072,16.82,0.001731,0.939
"M965.6011T2822.04",965.6011,47.03,3.584,11.99,0.008609,0.939
"M851.2691T2229.37",851.2691,37.16,4.184,18.17,0.009807,0.939
"M720.4931T2412.68",720.4931,40.21,2.452,5.47,0.01941,0.939
"M1462.0100T2449.70",1462.01,40.83,2.738,6.67,0.01155,0.938
"M624.5329T2686.83",624.5329,44.78,2.713,6.56,0.0202,0.938
"M1296.8114T2825.97",1296.8114,47.1,3.087,8.5,0.001155,0.937
"M1160.8193T2934.47",1160.8193,48.91,3.953,15.48,0.00454,0.937
"M300.2878T1184.97",300.2878,19.75,0.656,1.58,0.00612,0.937
"M369.2939T1912.83",369.2939,31.88,0.78,1.72,0.01238,0.937
"M941.7270T2752.16",941.727,45.87,4.151,17.77,0.01319,0.937
"M1440.0578T2597.05",1440.0578,43.28,6.211,74.07,0.01469,0.937
"M1397.9778T2865.09",1397.9778,47.75,2.506,5.68,0.01222,0.935
"M1455.0620T2594.54",1455.062,43.24,6.653,100.62,0.0147,0.935
"M299.2659T2801.03",299.2659,46.68,3.399,10.55,0.0166,0.935
"M785.4228T621.76",785.4228,10.36,0.665,1.59,0.001652,0.934
"M505.2225T1712.85",505.2225,28.55,2.281,4.86,0.003248,0.934
"M1228.8046T2574.17",1228.8046,42.9,0.737,1.67,0.004152,0.934
"M1229.8088T2574.09",1229.8088,42.9,0.691,1.61,0.004725,0.934
"M1150.6256T1909.07",1150.6256,31.82,1.864,3.64,0.00629,0.934
"M1495.0680T2559.13",1495.068,42.65,5.969,62.62,0.01871,0.934
"M1413.5095T2532.01",1413.5095,42.2,3.603,12.15,0.002948,0.933
"M1226.7986T2574.15",1226.7986,42.9,0.739,1.67,0.003991,0.933
"M1562.0640T2859.24",1562.064,47.65,2.378,5.2,0.009198,0.932
"M1511.8204T1906.40",1511.8204,31.77,3.125,8.72,0.01077,0.932
"M686.6044T2807.07",686.6044,46.78,1.138,2.2,0.02075,0.932
"M1350.9431T2845.32",1350.9431,47.42,1.464,2.76,0.01,0.931
"M1377.9641T2860.02",1377.9641,47.67,1.51,2.85,0.01051,0.931
"M383.3010T2176.74",383.301,36.28,0.847,1.8,0.001414,0.93
"M351.2487T1951.27",351.2487,32.52,0.8,1.74,0.005015,0.93
"M634.2280T1887.55",634.228,31.46,1.835,3.57,0.006169,0.93
"M271.2364T2726.13",271.2364,45.44,3.017,8.1,0.01343,0.93
"M773.5442T2730.21",773.5442,45.5,8.836,456.97,0.0002106,0.929
"M1446.4869T2825.51",1446.4869,47.09,3.456,10.98,0.004925,0.929
"M581.7042T1252.49",581.7042,20.87,1.964,3.9,0.008245,0.929
"M968.1107T2827.36",968.1107,47.12,4.469,22.14,0.01151,0.929
"M1581.9000T1906.81",1581.9,31.78,4.327,20.07,0.01415,0.929
"M674.9178T1319.12",674.9178,21.99,1.298,2.46,0.003024,0.927
"M620.1274T1614.48",620.1274,26.91,1.956,3.88,0.007601,0.927
"M1501.8578T1910.54",1501.8578,31.84,2.552,5.86,0.01139,0.927
"M1368.9795T2850.86",1368.9795,47.51,1.734,3.33,0.01188,0.927
"M1380.9799T2856.86",1380.9799,47.61,2.611,6.11,0.01409,0.927
"M1381.9816T2856.70",1381.9816,47.61,2.544,5.83,0.0141,0.927
"M907.5664T1901.05",907.5664,31.68,5.761,54.22,0.01508,0.927
"M1531.3359T2824.72",1531.3359,47.08,3.925,15.18,0.0001489,0.926
"M1227.8014T2574.21",1227.8014,42.9,0.744,1.68,0.004562,0.926
"M206.0882T1687.45",206.0882,28.12,0.848,1.8,0.009957,0.925
"M1376.9707T2453.49",1376.9707,40.89,1.439,2.71,0.0168,0.925
"M750.5461T2800.63",750.5461,46.68,0.991,1.99,0.01981,0.924
"M1425.1035T2235.15",1425.1035,37.25,5.673,51,0.0005142,0.923
"M1064.0947T2232.17",1064.0947,37.2,3.325,10.02,0.0003522,0.921
"M1351.9551T2850.10",1351.9551,47.5,1.24,2.36,0.01028,0.921
"M1514.0728T2607.44",1514.0728,43.46,7.097,136.87,0.01593,0.921
"M1288.4808T2826.42",1288.4808,47.11,6.003,64.14,0.006105,0.92
"M456.4297T2460.96",456.4297,41.02,2.549,5.85,0.02277,0.92
"M1324.9246T2427.04",1324.9246,40.45,3.223,9.34,0.002891,0.919
"M868.5700T2487.86",868.57,41.46,2.197,4.59,0.01217,0.919
"M1509.9892T2826.97",1509.9892,47.12,2.898,7.45,0.0003409,0.918
"M958.6260T2848.10",958.626,47.47,3.202,9.2,0.002808,0.918
"M1067.1844T2889.23",1067.1844,48.15,3.77,13.64,0.01423,0.918
"M484.4480T2619.89",484.448,43.66,1.051,2.07,0.008477,0.917
"M444.2950T1912.19",444.295,31.87,1.005,2.01,0.008869,0.917
"M424.4091T2024.92",424.4091,33.75,1.329,2.51,0.01726,0.917
"M725.5547T1588.34",725.5547,26.47,5.938,61.29,0.01968,0.917
"M1116.0180T2889.62",1116.018,48.16,1.108,2.16,0.004385,0.916
"M295.3092T1820.53",295.3092,30.34,1.735,3.33,0.005161,0.916
"M474.2540T1806.94",474.254,30.12,5.514,45.68,0.01627,0.916
"M343.3056T2180.46",343.3056,36.34,0.747,1.68,0.0007549,0.915
"M1439.1839T2830.75",1439.1839,47.18,3.505,11.35,0.002708,0.915
"M1245.8106T2833.43",1245.8106,47.22,2.457,5.49,0.004856,0.915
"M1382.9919T2861.06",1382.9919,47.68,1.903,3.74,0.01397,0.915
"M963.9020T2606.30",963.902,43.44,0.972,1.96,0.0002405,0.914
"M1303.8534T2826.32",1303.8534,47.11,2.726,6.61,0.003885,0.914
"M1401.9816T2860.43",1401.9816,47.67,2.026,4.07,0.01575,0.914
"M578.2394T1880.02",578.2394,31.33,6.964,124.83,0.0008006,0.913
"M151.0288T1685.63",151.0288,28.09,0.856,1.81,0.01281,0.913
"M1366.9664T2845.67",1366.9664,47.43,2.92,7.57,0.01631,0.913
"M1451.0467T2892.32",1451.0467,48.21,3.402,10.57,0.01399,0.912
"M1378.9628T2850.21",1378.9628,47.5,2.137,4.4,0.01506,0.912
"M1388.9544T2857.92",1388.9544,47.63,0.765,1.7,0.009238,0.911
"M1369.9768T2853.80",1369.9768,47.56,1.258,2.39,0.01065,0.911
"M1073.8399T2481.05",1073.8399,41.35,2.803,6.98,0.01594,0.911
"M1436.0120T2463.41",1436.012,41.06,1.635,3.11,0.02311,0.911
"M1310.3392T2825.73",1310.3392,47.1,3.126,8.73,0.008457,0.909
"M525.2663T1942.43",525.2663,32.37,3.115,8.66,0.02194,0.908
"M1468.0629T2592.04",1468.0629,43.2,5.769,54.53,0.02416,0.906
"M625.5555T2685.34",625.5555,44.76,1.599,3.03,0.02685,0.906
"M1279.4709T2820.14",1279.4709,47,3.011,8.06,0.000278,0.904
"M1308.8332T2826.75",1308.8332,47.11,3.222,9.33,0.009729,0.904
"M1383.9820T2863.63",1383.982,47.73,1.065,2.09,0.01087,0.904
"M1554.8628T1910.12",1554.8628,31.84,3.052,8.29,0.01428,0.904
"M1540.8697T1906.54",1540.8697,31.78,2.777,6.85,0.01569,0.904
"M989.0906T2826.10",989.0906,47.1,3.274,9.67,0.01729,0.904
"M1588.0652T2843.19",1588.0652,47.39,2.796,6.95,0.01494,0.903
"M722.7079T2520.83",722.7079,42.01,5.366,41.24,4.466e-05,0.902
"M362.3563T1575.85",362.3563,26.26,3.655,12.6,0.01337,0.902
"M467.3934T2470.78",467.3934,41.18,1.294,2.45,0.01954,0.902
"M313.3558T1173.13",313.3558,19.55,6.79,110.63,0.02342,0.902
"M365.3065T1761.70",365.3065,29.36,0.881,1.84,0.0134,0.901
"M1392.9817T2851.48",1392.9817,47.52,3.107,8.62,0.01845,0.9
"M1151.6920T866.06",1151.692,14.43,0.617,1.53,0.009128,0.899
"M513.4665T2622.59",513.4665,43.71,5.276,38.74,0.01955,0.899
"M1563.8709T1907.38",1563.8709,31.79,3.725,13.23,0.01562,0.898
"M1562.8460T1909.37",1562.846,31.82,2.613,6.12,0.0167,0.898
"M1419.9987T2858.23",1419.9987,47.64,2.769,6.82,0.01826,0.898
"M1398.9743T2853.54",1398.9743,47.56,1.58,2.99,0.01353,0.897
"M1399.9727T2861.29",1399.9727,47.69,1.791,3.46,0.01818,0.897
"M1316.9956T2769.99",1316.9956,46.17,1.75,3.36,0.02426,0.897
"M1296.1422T2828.54",1296.1422,47.14,4.996,31.91,0.00885,0.895
"M288.9207T367.65",288.9207,6.13,1.139,2.2,0.002406,0.894
"M1401.0271T2534.04",1401.0271,42.23,2.028,4.08,0.02019,0.894
"M1449.0407T2886.40",1449.0407,48.11,3.434,10.81,0.01782,0.893
"M1438.0000T2433.75",1438,40.56,2.519,5.73,0.02176,0.893
"M734.5257T2478.55",734.5257,41.31,3.485,11.2,0.02418,0.893
"M1575.1068T2585.16",1575.1068,43.09,5.873,58.61,0.0001251,0.892
"M324.3544T1681.20",324.3544,28.02,5.328,40.18,0.02205,0.892
"M1154.3091T2933.22",1154.3091,48.89,3.263,9.6,0.002791,0.89
"M742.2988T2802.98",742.2988,46.72,2.049,4.14,0.004178,0.89
"M619.1248T1614.35",619.1248,26.91,2.433,5.4,0.01664,0.89
"M631.5792T2653.22",631.5792,44.22,5.18,36.26,0.01758,0.89
"M1438.0364T2888.78",1438.0364,48.15,3.405,10.59,0.01819,0.89
"M1395.9906T2861.99",1395.9906,47.7,2.989,7.94,0.02061,0.89
"M1534.2069T2825.97",1534.2069,47.1,5.592,48.24,0.001957,0.889
"M1352.9552T2847.15",1352.9552,47.45,1.105,2.15,0.01449,0.889
"M144.0504T1259.74",144.0504,21,0.99,1.99,0.01651,0.889
"M1440.9912T2881.09",1440.9912,48.02,3.125,8.72,0.01842,0.889
"M1425.9806T2872.11",1425.9806,47.87,3.098,8.56,0.01981,0.889
"M651.5578T2459.74",651.5578,41,6.498,90.41,0.03833,0.889
"M1489.0243T2460.28",1489.0243,41,2.282,4.86,0.006182,0.888
"M1598.0698T2844.74",1598.0698,47.41,3.611,12.22,0.01685,0.888
"M802.4638T1906.81",802.4638,31.78,2.14,4.41,0.01955,0.888
"M1347.0544T2616.45",1347.0544,43.61,6.22,74.54,2.33e-07,0.887
"M1513.2127T2921.63",1513.2127,48.69,1.456,2.74,0.0176,0.887
"M1045.2871T2612.67",1045.2871,43.54,2.602,6.07,0.02042,0.887
"M1003.5642T1939.18",1003.5642,32.32,4.203,18.42,0.02778,0.887
"M1539.2247T2928.87",1539.2247,48.81,1.569,2.97,0.02895,0.887
"M1495.7986T1907.48",1495.7986,31.79,2.298,4.92,0.0127,0.886
"M784.0312T1948.15",784.0312,32.47,1.14,2.2,0.02843,0.886
"M522.9998T1217.12",522.9998,20.29,1.474,2.78,0.006925,0.885
"M1393.9774T2851.68",1393.9774,47.53,3.258,9.57,0.02155,0.885
"M1394.9940T2859.86",1394.994,47.66,3.206,9.23,0.02187,0.885
"M248.2438T2084.20",248.2438,34.74,0.733,1.66,0.005787,0.884
"M436.3881T2039.41",436.3881,33.99,0.73,1.66,0.01047,0.884
"M1597.8851T1911.12",1597.8851,31.85,3.707,13.06,0.01646,0.884
"M919.5658T1891.27",919.5658,31.52,6.757,108.13,0.01769,0.884
"M751.5480T2730.11",751.548,45.5,3.24,9.45,3.382e-05,0.883
"M132.0635T2831.54",132.0635,47.19,3.025,8.14,0.01346,0.883
"M486.1627T1248.08",486.1627,20.8,2.816,7.04,0.03759,0.883
"M942.7604T2700.15",942.7604,45,0.872,1.83,0.0003929,0.882
"M265.2497T2085.05",265.2497,34.75,0.839,1.79,0.005976,0.882
"M1424.0206T2879.96",1424.0206,48,3.346,10.17,0.02134,0.882
"M330.3542T1532.31",330.3542,25.54,4.823,28.31,0.0246,0.882
"M976.6155T2820.12",976.6155,47,4.1,17.15,0.01918,0.881
"M1398.5003T2504.08",1398.5003,41.73,1.85,3.6,0.01055,0.88
"M1244.8026T2833.10",1244.8026,47.22,3.9,14.93,0.01724,0.88
"M232.9273T356.92",232.9273,5.95,1.182,2.27,0.01829,0.88
"M1069.8142T2233.99",1069.8142,37.23,4.806,27.98,0.03522,0.88
"M695.7101T2715.87",695.7101,45.26,1.039,2.05,0.0007659,0.879
"M1529.0603T2508.81",1529.0603,41.81,3.42,10.7,0.01375,0.879
"M344.8763T356.94",344.8763,5.95,1.091,2.13,0.01592,0.879
"M488.3208T1907.51",488.3208,31.79,1.179,2.26,0.008804,0.878
"M1564.9823T2593.22",1564.9823,43.22,7.28,155.39,0.01568,0.878
"M1421.0115T2869.47",1421.0115,47.82,3.148,8.86,0.02255,0.878
"M1330.3724T2823.13",1330.3724,47.05,6.001,64.07,0.02566,0.878
"M520.4216T2408.72",520.4216,40.15,1.38,2.6,0.0244,0.877
"M789.5615T2570.13",789.5615,42.84,7.26,153.32,0.001719,0.876
"M480.4149T2032.34",480.4149,33.87,0.772,1.71,0.007093,0.875
"M1527.8169T1936.25",1527.8169,32.27,3.161,8.94,0.008655,0.875
"M1568.2522T2947.02",1568.2522,49.12,0.746,1.68,0.01133,0.875
"M854.5577T2459.62",854.5577,40.99,1.891,3.71,0.02354,0.875
"M1266.9158T2443.67",1266.9158,40.73,2.52,5.74,0.03001,0.875
"M619.4674T2801.03",619.4674,46.68,2.707,6.53,0.03089,0.875
"M230.0370T2470.78",230.037,41.18,5.087,33.99,8.048e-06,0.874
"M1396.9903T2866.51",1396.9903,47.78,3.049,8.27,0.02395,0.874
"M1527.5831T2841.52",1527.5831,47.36,2.709,6.54,0.02555,0.874
"M314.3593T1538.14",314.3593,25.64,4.325,20.05,0.03969,0.874
"M1377.6300T1938.96",1377.63,32.32,3.102,8.59,0.003059,0.873
"M1549.0790T2855.97",1549.079,47.6,2.365,5.15,0.02165,0.873
"M745.5965T2756.97",745.5965,45.95,2.65,6.27,0.02922,0.873
"M288.2006T423.11",288.2006,7.05,2.633,6.2,0.01152,0.872
"M1435.0091T2463.05",1435.0091,41.05,1.428,2.69,0.03743,0.872
"M511.3654T2801.06",511.3654,46.68,2.282,4.86,0.04254,0.872
"M1523.9750T2823.35",1523.975,47.06,4.14,17.63,0.003777,0.871
"M1433.4659T2823.29",1433.4659,47.05,5.831,56.94,0.02777,0.871
"M1599.0807T2845.20",1599.0807,47.42,2.478,5.57,0.0167,0.87
"M714.2137T1877.25",714.2137,31.29,1.588,3.01,0.02325,0.87
"M1423.0265T2876.68",1423.0265,47.94,3.413,10.65,0.02408,0.87
"M1431.0302T2877.48",1431.0302,47.96,1.637,3.11,0.01654,0.869
"M1512.8008T1909.08",1512.8008,31.82,3.391,10.49,0.02321,0.869
"M708.4958T2422.76",708.4958,40.38,0.946,1.93,0.0309,0.868
"M1565.2402T2934.97",1565.2402,48.92,0.584,1.5,0.004835,0.867
"M201.1620T2726.73",201.162,45.45,5.312,39.74,0.01992,0.867
"M1388.5136T2501.96",1388.5136,41.7,1.722,3.3,0.02032,0.867
"M788.6109T2649.48",788.6109,44.16,1.953,3.87,0.02377,0.867
"M243.2775T1060.49",243.2775,17.67,1.194,2.29,0.03002,0.867
"M1486.0423T2496.18",1486.0423,41.6,1.273,2.42,0.0326,0.867
"M695.9682T1965.66",695.9682,32.76,0.786,1.72,0.0166,0.865
"M686.5771T2674.57",686.5771,44.58,1.042,2.06,0.002564,0.864
"M1005.7932T2780.11",1005.7932,46.34,0.773,1.71,0.004755,0.864
"M1252.8003T2832.25",1252.8003,47.2,2.51,5.7,0.006608,0.864
"M1541.8529T1908.59",1541.8529,31.81,3.076,8.43,0.01311,0.864
"M457.3405T1901.93",457.3405,31.7,0.619,1.54,0.0292,0.864
"M777.5690T2613.12",777.569,43.55,2.871,7.32,0.04612,0.864
"M1541.2432T2936.46",1541.2432,48.94,0.68,1.6,0.016,0.863
"M694.7085T2715.76",694.7085,45.26,1.003,2,0.001425,0.862
"M967.1168T2828.24",967.1168,47.14,5.139,35.23,0.02467,0.862
"M1514.2240T2923.86",1514.224,48.73,1.057,2.08,0.03212,0.861
"M1599.9036T1908.93",1599.9036,31.82,3.218,9.31,0.01245,0.86
"M319.2321T1836.53",319.2321,30.61,2.799,6.96,0.02212,0.86
"M1516.6030T2827.65",1516.603,47.13,2.355,5.12,0.003296,0.859
"M1422.0162T2870.24",1422.0162,47.84,3.367,10.32,0.02694,0.859
"M235.1606T1640.10",235.1606,27.33,2.452,5.47,0.03064,0.859
"M482.2177T468.87",482.2177,7.81,1.074,2.11,0.00431,0.858
"M1582.0631T2855.21",1582.0631,47.59,2.381,5.21,0.01338,0.858
"M194.1265T442.74",194.1265,7.38,1.657,3.15,0.03628,0.858
"M1436.0337T2881.70",1436.0337,48.03,3.571,11.89,0.02566,0.857
"M1536.5787T2852.18",1536.5787,47.54,3.435,10.82,0.02588,0.857
"M313.3566T1590.07",313.3566,26.5,4.892,29.69,0.0276,0.857
"M959.2133T1064.71",959.2133,17.75,1.573,2.98,0.02822,0.857
"M1434.4680T2824.74",1434.468,47.08,5.679,51.24,0.03275,0.857
"M744.5919T2756.09",744.5919,45.93,2.72,6.59,0.03399,0.857
"M1090.9936T2880.94",1090.9936,48.02,1.018,2.02,0.03763,0.857
"M1280.1477T2822.30",1280.1477,47.04,3.125,8.73,0.0008673,0.856
"M1277.7086T1899.93",1277.7086,31.67,3.784,13.78,0.007976,0.856
"M1583.0575T2849.62",1583.0575,47.49,2.927,7.6,0.01636,0.856
"M247.2379T2084.66",247.2379,34.74,0.586,1.5,0.02393,0.856
"M1435.0310T2880.57",1435.031,48.01,3.481,11.17,0.02607,0.856
"M537.1551T2697.31",537.1551,44.96,1.213,2.32,0.01515,0.855
"M1151.6293T1908.93",1151.6293,31.82,1.707,3.26,0.0161,0.855
"M1589.0663T2846.18",1589.0663,47.44,4.04,16.46,0.02515,0.854
"M1416.0120T2494.06",1416.012,41.57,2.27,4.82,0.03141,0.854
"M1115.0177T2888.45",1115.0177,48.14,2.658,6.31,0.0426,0.854
"M1442.0684T2598.85",1442.0684,43.31,5.442,43.48,0.02187,0.853
"M749.5332T2512.36",749.5332,41.87,4.269,19.28,0.03434,0.853
"M1127.1717T2410.06",1127.1717,40.17,1.441,2.72,0.03551,0.853
"M793.5671T2534.19",793.5671,42.24,2.205,4.61,0.03695,0.853
"M537.6799T1233.15",537.6799,20.55,2.452,5.47,0.02122,0.852
"M1416.9842T2870.53",1416.9842,47.84,1.791,3.46,0.02548,0.852
"M421.0175T1521.81",421.0175,25.36,0.881,1.84,0.0145,0.851
"M469.1861T1528.38",469.1861,25.47,1.369,2.58,0.000925,0.85
"M1079.6978T2893.79",1079.6978,48.23,0.994,1.99,0.002054,0.85
"M1591.7271T2820.71",1591.7271,47.01,4.096,17.1,0.004572,0.85
"M1199.6272T1929.50",1199.6272,32.16,3.156,8.92,0.008795,0.85
"M775.5793T2804.88",775.5793,46.75,1.813,3.51,0.0308,0.85
"M1486.1678T2906.72",1486.1678,48.45,1.259,2.39,0.02291,0.849
"M1411.0120T2877.56",1411.012,47.96,3.633,12.41,0.02984,0.849
"M1367.7675T1904.11",1367.7675,31.74,2.549,5.85,0.01946,0.848
"M796.6294T2732.56",796.6294,45.54,3.191,9.13,0.02716,0.848
"M1425.0109T2882.63",1425.0109,48.04,3.48,11.16,0.02912,0.847
"M837.3024T2254.67",837.3024,37.58,1.941,3.84,0.03722,0.847
"M589.4787T2637.48",589.4787,43.96,0.922,1.9,0.0457,0.847
"M1440.0034T2880.57",1440.0034,48.01,3.452,10.94,0.02472,0.846
"M1424.9581T2420.08",1424.9581,40.33,3.691,12.92,0.03412,0.846
"M158.9242T355.92",158.9242,5.93,1.472,2.77,0.04261,0.844
"M753.1256T2801.98",753.1256,46.7,1.71,3.27,0.02493,0.843
"M796.2184T1947.32",796.2184,32.46,1.322,2.5,0.01399,0.842
"M1584.0631T2842.58",1584.0631,47.38,2.903,7.48,0.02313,0.841
"M1428.5355T2548.63",1428.5355,42.48,3.138,8.8,0.0299,0.841
"M1004.5616T1940.09",1004.5616,32.33,3.038,8.21,0.04808,0.841
"M1191.2925T2828.25",1191.2925,47.14,1.84,3.58,0.02032,0.84
"M330.3564T1168.11",330.3564,19.47,3.634,12.42,0.0462,0.84
"M1590.0820T2849.27",1590.082,47.49,3.447,10.91,0.02843,0.838
"M186.9217T356.99",186.9217,5.95,1.109,2.16,0.04261,0.837
"M1585.0669T2842.52",1585.0669,47.38,2.633,6.2,0.02716,0.836
"M1121.1838T2417.08",1121.1838,40.28,1.111,2.16,0.0481,0.836
"M1375.9607T2852.10",1375.9607,47.53,1.187,2.28,0.02408,0.835
"M1366.7897T1906.71",1366.7897,31.78,2.051,4.14,0.03035,0.835
"M1441.0639T2598.98",1441.0639,43.32,4.588,24.05,0.04937,0.833
"M637.2990T2181.37",637.299,36.36,2.181,4.54,0.000643,0.831
"M741.6689T2793.17",741.6689,46.55,1.134,2.19,0.01283,0.83
"M1589.0586T2486.07",1589.0586,41.43,3.164,8.96,0.02795,0.83
"M1482.0544T2597.09",1482.0544,43.28,5.697,51.89,0.03781,0.83
"M331.2823T2051.84",331.2823,34.2,0.867,1.82,0.003849,0.828
"M789.5725T2649.50",789.5725,44.16,1.235,2.35,0.01514,0.828
"M1547.8265T1919.74",1547.8265,32,4.385,20.9,0.03152,0.828
"M421.2497T2053.59",421.2497,34.23,0.633,1.55,0.0005994,0.827
"M798.2879T2230.19",798.2879,37.17,3.302,9.86,0.03706,0.827
"M1081.6963T2896.01",1081.6963,48.27,0.787,1.73,0.002844,0.826
"M788.5758T2570.21",788.5758,42.84,2.001,4,0.01222,0.826
"M198.9633T358.20",198.9633,5.97,0.749,1.68,0.0006925,0.825
"M1411.9814T2872.97",1411.9814,47.88,2.684,6.42,0.03144,0.825
"M575.4597T2610.67",575.4597,43.51,0.704,1.63,0.04643,0.825
"M721.5993T2834.67",721.5993,47.24,1.41,2.66,0.02408,0.824
"M463.4158T2728.11",463.4158,45.47,2.933,7.64,0.03524,0.824
"M654.3268T2180.78",654.3268,36.35,2.178,4.52,0.0005503,0.823
"M1461.0508T2887.73",1461.0508,48.13,3.783,13.77,0.03203,0.823
"M1545.8659T1977.60",1545.8659,32.96,1.051,2.07,0.0216,0.821
"M1391.9626T2841.16",1391.9626,47.35,1.246,2.37,0.03161,0.821
"M1420.4785T2819.39",1420.4785,46.99,4.932,30.53,0.03001,0.82
"M449.2620T1912.40",449.262,31.87,2.497,5.65,0.04479,0.82
"M1522.9981T2821.32",1522.9981,47.02,3.177,9.04,0.0007986,0.819
"M536.1553T2697.91",536.1553,44.97,1.162,2.24,0.01879,0.819
"M1060.6216T1977.95",1060.6216,32.97,2.308,4.95,0.02522,0.819
"M1550.0659T2858.75",1550.0659,47.65,2.097,4.28,0.03222,0.819
"M1542.2490T2939.51",1542.249,48.99,0.591,1.51,0.03274,0.819
"M1576.0620T2841.97",1576.062,47.37,3.075,8.43,0.0333,0.819
"M239.2345T2051.27",239.2345,34.19,0.823,1.77,0.007141,0.818
"M1566.2470T2935.98",1566.247,48.93,0.614,1.53,0.02394,0.818
"M1212.8219T2584.18",1212.8219,43.07,1.166,2.24,0.02746,0.818
"M314.2755T2050.62",314.2755,34.18,0.79,1.73,0.006289,0.817
"M465.4287T2800.37",465.4287,46.67,3.127,8.74,0.01876,0.817
"M1432.5072T2524.07",1432.5072,42.07,2.055,4.16,0.00135,0.814
"M514.4822T495.32",514.4822,8.26,1.018,2.03,0.01783,0.814
"M1532.3079T2826.52",1532.3079,47.11,3.743,13.39,0.001711,0.813
"M1591.1022T2852.22",1591.1022,47.54,2.543,5.83,0.03284,0.813
"M1011.0786T2824.48",1011.0786,47.07,1.614,3.06,0.03833,0.813
"M1422.0054T2447.66",1422.0054,40.79,2.416,5.34,0.0036,0.811
"M1420.0007T2451.83",1420.0007,40.86,1.151,2.22,0.04972,0.811
"M1419.4324T2233.99",1419.4324,37.23,5.919,60.52,1.063e-05,0.808
"M313.2716T2051.27",313.2716,34.19,0.785,1.72,0.01064,0.808
"M1321.0334T2613.87",1321.0334,43.56,4.663,25.34,3.183e-05,0.806
"M1307.8507T2821.50",1307.8507,47.02,2.089,4.25,0.01395,0.806
"M1488.0375T2473.69",1488.0375,41.23,5.131,35.03,0.000208,0.805
"M264.2651T1255.96",264.2651,20.93,5.249,38.03,0.001985,0.805
"M752.2137T2796.69",752.2137,46.61,2.37,5.17,0.006239,0.805
"M236.1658T1640.22",236.1658,27.34,1.029,2.04,0.02983,0.805
"M1587.0381T2842.04",1587.0381,47.37,2.334,5.04,0.03027,0.805
"M1563.2257T2920.35",1563.2257,48.67,1.321,2.5,0.02801,0.8
"M1421.4814T2821.60",1421.4814,47.03,4.591,24.09,0.03221,0.8
"M343.2168T2047.18",343.2168,34.12,0.832,1.78,0.0001055,0.797
"M1193.7982T2613.40",1193.7982,43.56,0.72,1.65,0.00857,0.797
"M1405.7822T1903.86",1405.7822,31.73,3.256,9.56,0.024,0.797
"M409.3663T1908.10",409.3663,31.8,0.728,1.66,0.0469,0.797
"M332.2830T2051.07",332.283,34.18,0.673,1.59,0.00694,0.796
"M297.2591T1878.74",297.2591,31.31,2.414,5.33,0.009366,0.796
"M1061.6221T1976.29",1061.6221,32.94,2.323,5,0.02518,0.796
"M1403.9995T2868.40",1403.9995,47.81,1.56,2.95,0.04023,0.796
"M1198.6301T1924.55",1198.6301,32.08,2.732,6.64,0.04493,0.796
"M1159.7747T2724.99",1159.7747,45.42,3.748,13.44,0.02376,0.795
"M1437.0361T2886.48",1437.0361,48.11,4.825,28.34,0.04468,0.795
"M1554.0909T2843.17",1554.0909,47.39,2.744,6.7,0.03499,0.794
"M1600.5530T2845.21",1600.553,47.42,2.313,4.97,0.02232,0.793
"M1410.0128T2874.55",1410.0128,47.91,3.724,13.21,0.0464,0.793
"M1306.8536T2821.54",1306.8536,47.03,2.066,4.19,0.01004,0.792
"M300.2881T1445.05",300.2881,24.08,0.705,1.63,0.005241,0.791
"M251.0359T1259.88",251.0359,21,4.233,18.81,0.002237,0.789
"M1177.9377T2750.13",1177.9377,45.84,6.114,69.25,0.005758,0.788
"M683.5379T2049.98",683.5379,34.17,0.788,1.73,0.0235,0.788
"M1599.5772T2844.97",1599.5772,47.42,3.576,11.92,0.03438,0.787
"M137.0585T1589.66",137.0585,26.49,2.221,4.66,0.01027,0.786
"M230.0402T2745.43",230.0402,45.76,2.927,7.61,0.0129,0.785
"M1430.0069T2879.43",1430.0069,47.99,1.405,2.65,0.03167,0.785
"M943.7712T2696.34",943.7712,44.94,0.877,1.84,0.0009454,0.783
"M1086.2145T2917.39",1086.2145,48.62,2.681,6.41,0.004816,0.782
"M1555.5870T2866.51",1555.587,47.78,2.765,6.8,0.03541,0.782
"M364.3383T1913.36",364.3383,31.89,0.987,1.98,0.03791,0.782
"M753.5578T2733.30",753.5578,45.56,3.305,9.88,5.526e-05,0.781
"M1389.9703T2863.86",1389.9703,47.73,1.342,2.54,0.04356,0.781
"M766.5397T2590.28",766.5397,43.17,2.533,5.79,0.0027,0.78
"M728.2284T1946.31",728.2284,32.44,2.111,4.32,0.001734,0.779
"M980.7573T2770.31",980.7573,46.17,1.57,2.97,0.01936,0.779
"M567.0242T1247.09",567.0242,20.78,1.051,2.07,0.03152,0.779
"M188.0299T2637.27",188.0299,43.95,1.15,2.22,0.03957,0.778
"M365.3397T1913.36",365.3397,31.89,0.98,1.97,0.0457,0.778
"M1407.7920T1910.12",1407.792,31.84,4.132,17.53,0.006253,0.777
"M1330.8874T2826.17",1330.8874,47.1,4.032,16.36,0.04346,0.777
"M750.5418T2513.19",750.5418,41.89,2.86,7.26,0.001521,0.776
"M277.1369T2801.06",277.1369,46.68,9.472,710.32,0.0001512,0.775
"M667.5558T2366.54",667.5558,39.44,5.629,49.48,0.03995,0.774
"M698.6440T2843.43",698.644,47.39,1.892,3.71,0.005863,0.773
"M920.5704T1892.04",920.5704,31.53,3.713,13.11,0.04576,0.773
"M1342.6364T1912.58",1342.6364,31.88,3.007,8.04,0.00355,0.77
"M851.6554T2233.08",851.6554,37.22,4.562,23.62,0.04222,0.769
"M1439.0317T2886.18",1439.0317,48.1,3.08,8.45,0.03304,0.767
"M694.4834T2387.72",694.4834,39.8,0.78,1.72,0.004239,0.766
"M478.4420T2623.01",478.442,43.72,0.794,1.73,0.001604,0.765
"M1596.4172T1979.95",1596.4172,33,3.807,14,0.008121,0.765
"M1192.7936T2613.46",1192.7936,43.56,0.706,1.63,0.01519,0.765
"M1569.0487T2856.37",1569.0487,47.61,2.378,5.2,0.04903,0.764
"M229.0422T1260.75",229.0422,21.01,3.06,8.34,0.0188,0.763
"M1289.1436T2828.14",1289.1436,47.14,5.255,38.19,0.007601,0.762
"M497.2821T2192.29",497.2821,36.54,0.597,1.51,0.009229,0.762
"M755.5624T2731.77",755.5624,45.53,1.607,3.05,0.01431,0.762
"M1179.7918T2735.03",1179.7918,45.58,3.903,14.96,1.417e-07,0.761
"M1203.8348T2616.56",1203.8348,43.61,2.226,4.68,0.007979,0.756
"M766.5376T2468.56",766.5376,41.14,6.467,88.49,0.009242,0.756
"M527.6649T1096.03",527.6649,18.27,1.554,2.94,0.04014,0.755
"M593.5912T2714.02",593.5912,45.23,0.631,1.55,0.003601,0.753
"M816.6617T2796.69",816.6617,46.61,3.428,10.76,7.158e-05,0.748
"M566.2372T1888.32",566.2372,31.47,3.383,10.43,0.001796,0.746
"M372.3616T1100.76",372.3616,18.35,1.691,3.23,0.0198,0.746
"M1581.5639T2849.92",1581.5639,47.5,2.481,5.58,0.04536,0.746
"M1473.1918T2803.47",1473.1918,46.72,3.485,11.2,0.006445,0.744
"M1597.4474T1979.83",1597.4474,33,2.089,4.26,0.01073,0.74
"M802.6268T2714.37",802.6268,45.24,4.077,16.88,5.025e-05,0.739
"M230.2463T1431.78",230.2463,23.86,0.804,1.75,0.006869,0.738
"M1145.7755T2713.93",1145.7755,45.23,4.668,25.42,0.04438,0.737
"M594.5927T2714.00",594.5927,45.23,0.588,1.5,0.00639,0.729
"M1065.6111T2229.16",1065.6111,37.15,2.781,6.87,0.0004846,0.725
"M782.5343T2618.30",782.5343,43.64,3.741,13.37,0.02863,0.725
"M1485.8447T1978.82",1485.8447,32.98,1.847,3.6,0.005743,0.724
"M1415.8982T1976.91",1415.8982,32.95,2.473,5.55,0.03444,0.723
"M985.6742T2704.75",985.6742,45.08,4.956,31.04,0.0008443,0.721
"M470.4390T1950.42",470.439,32.51,3.045,8.25,0.01922,0.721
"M320.1331T1262.15",320.1331,21.04,0.901,1.87,0.03223,0.715
"M198.8012T441.03",198.8012,7.35,0.734,1.66,0.04406,0.714
"M1510.0887T2902.68",1510.0887,48.38,4.276,19.37,0.04645,0.713
"M1519.2698T2821.32",1519.2698,47.02,2.235,4.71,0.00847,0.71
"M1421.5057T2523.06",1421.5057,42.05,2.092,4.26,0.005536,0.709
"M1501.2976T2821.32",1501.2976,47.02,2.475,5.56,0.00679,0.709
"M666.6792T2662.98",666.6792,44.38,0.665,1.59,0.01814,0.709
"M962.7125T2751.10",962.7125,45.85,2.323,5,1.517e-06,0.706
"M863.5623T2717.72",863.5623,45.3,4.244,18.95,0.02395,0.701
"M1567.8403T1978.95",1567.8403,32.98,0.743,1.67,0.04361,0.701
"M726.5564T1589.09",726.5564,26.48,4.796,27.78,0.0315,0.697
"M1603.9396T1976.29",1603.9396,32.94,2.265,4.81,0.04415,0.696
"M137.0588T1494.72",137.0588,24.91,1.698,3.24,0.04613,0.696
"M1542.0567T2452.54",1542.0567,40.88,1.475,2.78,0.01636,0.695
"M992.7427T2714.82",992.7427,45.25,5.536,46.4,0.0004526,0.691
"M667.6803T2662.56",667.6803,44.38,0.651,1.57,0.01645,0.681
"M1288.8185T2827.30",1288.8185,47.12,5.877,58.77,0.003893,0.678
"M1190.8220T2612.36",1190.822,43.54,2.475,5.56,0.006857,0.675
"M918.5977T2717.95",918.5977,45.3,7.086,135.9,0.002104,0.674
"M1345.3808T2905.39",1345.3808,48.42,4.678,25.6,0.0007565,0.67
"M1452.0323T2885.48",1452.0323,48.09,3.254,9.54,0.04456,0.669
"M536.6663T1116.82",536.6663,18.61,1.035,2.05,0.0305,0.668
"M1162.7233T2707.91",1162.7233,45.13,4.818,28.2,0.002433,0.666
"M1596.1901T1856.90",1596.1901,30.95,7.58,191.36,0.01952,0.664
"M1599.9237T1980.62",1599.9237,33.01,1.172,2.25,0.03832,0.664
"M1440.5213T2553.10",1440.5213,42.55,4.94,30.71,0.008428,0.658
"M825.5709T2627.41",825.5709,43.79,3.231,9.39,0.02376,0.658
"M225.0343T388.08",225.0343,6.47,2.8,6.96,0.04527,0.657
"M353.0736T1263.98",353.0736,21.07,2.342,5.07,0.01418,0.655
"M498.6447T1088.43",498.6447,18.14,1.072,2.1,0.01519,0.649
"M1440.0654T2562.32",1440.0654,42.71,6.58,95.68,0.01742,0.649
"M1172.8245T2937.45",1172.8245,48.96,4.428,21.52,0.001629,0.645
"M1523.0761T2904.36",1523.0761,48.41,4.206,18.46,0.008194,0.644
"M1484.8235T1978.46",1484.8235,32.97,1.863,3.64,0.01026,0.644
"M273.2560T2725.85",273.256,45.43,7.453,175.25,0.001614,0.641
"M1426.4362T2234.23",1426.4362,37.24,4.734,26.61,5.896e-06,0.636
"M688.5606T2725.36",688.5606,45.42,3.131,8.76,0.01736,0.635
"M1287.8152T2823.35",1287.8152,47.06,4.534,23.16,0.006946,0.631
"M1407.0109T2864.45",1407.0109,47.74,2.745,6.71,0.01813,0.629
"M742.5959T2731.28",742.5959,45.52,2.25,4.76,5.064e-07,0.623
"M1166.3284T2939.07",1166.3284,48.98,3.818,14.11,0.005505,0.621
"M609.4650T2209.00",609.465,36.82,4.634,24.84,0.02284,0.613
"M944.6984T2722.96",944.6984,45.38,2.457,5.49,9.493e-05,0.611
"M968.6781T2744.21",968.6781,45.74,4.363,20.58,2.987e-06,0.594
"M1345.2676T1981.26",1345.2676,33.02,2.405,5.3,0.0143,0.59
"M1069.5912T2226.86",1069.5912,37.11,2.252,4.76,0.0004732,0.587
"M801.5679T2559.13",801.5679,42.65,6.168,71.89,0.008576,0.585
"M800.5695T2558.17",800.5695,42.64,5.75,53.81,0.008655,0.583
"M1448.0282T2448.80",1448.0282,40.81,3.111,8.64,0.02213,0.571
"M242.9250T368.69",242.925,6.14,1.317,2.49,0.0006562,0.564
"M1346.1719T1981.19",1346.1719,33.02,1.778,3.43,0.02972,0.55
"M171.1440T372.96",171.144,6.22,1.074,2.1,0.01539,0.547
"M383.1131T518.98",383.1131,8.65,1.322,2.5,0.02418,0.53
"M1239.7325T2672.78",1239.7325,44.55,5.664,50.72,0.01961,0.517
"M1383.7595T1856.93",1383.7595,30.95,4.93,30.49,0.03209,0.494
"M1068.5889T2229.58",1068.5889,37.16,2.899,7.46,0.007754,0.489
"M1097.3644T2253.16",1097.3644,37.55,4.659,25.26,0.04243,0.438
"M1425.3323T1862.85",1425.3323,31.05,3.752,13.47,0.03177,0.429
"M504.2425T1858.21",504.2425,30.97,6.189,72.98,0.02009,0.423
"M1095.8802T2254.25",1095.8802,37.57,4.762,27.13,0.04322,0.421
"M1456.0311T2885.69",1456.0311,48.09,4.635,24.86,0.0112,0.414
"M783.5039T2744.29",783.5039,45.74,2.652,6.29,0.003219,0.394
"M961.5614T1853.39",961.5614,30.89,4.686,25.74,0.0269,0.373
"M1144.2238T2611.32",1144.2238,43.52,5.889,59.27,0.005187,0.372
"M1177.6598T1922.27",1177.6598,32.04,4.708,26.14,0.001223,0.366
"M845.5590T2216.12",845.559,36.94,5.933,61.11,0.04223,0.358
"M1287.7773T1910.95",1287.7773,31.85,4.334,20.17,0.02334,0.35
"M1260.7675T1908.35",1260.7675,31.81,3.69,12.91,0.03389,0.308
